x,y_detected,baseline_y,deflection_y_px,modified_z,confidence
0,20.0,18.860065,1.1399345,0.9576764,0.27727273
1,20.0,18.855772,1.144228,0.96159774,0.27272728
2,20.0,18.851479,1.1485214,0.9655191,0.27272728
3,20.0,18.847185,1.1528149,0.96944046,0.22727273
4,18.0,18.842892,-0.8428917,-0.8533052,0.17272727
5,20.0,18.838598,1.1614017,0.9772831,0.2090909
6,21.0,18.834303,2.165697,1.8945397,0.24545455
7,21.0,18.83001,2.1699905,1.898461,0.47272727
8,21.0,18.825716,2.174284,1.9023824,0.45
9,21.0,18.821423,2.1785774,1.9063038,0.46818182
10,20.0,18.81713,1.1828709,0.99689156,0.3590909
11,19.0,18.812836,0.1871643,0.08747942,0.3909091
12,19.0,18.808542,0.19145775,0.091400765,0.36818182
13,19.0,18.804249,0.19575119,0.09532211,0.26818183
14,19.0,18.799955,0.20004463,0.09924345,0.28181818
15,18.0,18.795662,-0.7956619,-0.8101687,0.47727272
16,19.0,18.791368,0.20863152,0.107086144,0.39545456
17,17.0,18.787073,-1.7870731,-1.7156577,0.29090908
18,21.0,18.78278,2.2172203,1.9415976,0.27272728
19,21.0,18.778486,2.2215137,1.945519,0.29090908
20,19.0,18.774193,0.22580719,0.12277326,0.21818182
21,19.0,18.7699,0.23010063,0.1266946,0.22727273
22,20.0,18.765606,1.2343941,1.0439495,0.24090908
23,19.0,18.761312,0.23868752,0.1345373,0.26818183
24,19.0,18.757019,0.24298096,0.13845864,0.45454547
25,19.0,18.752726,0.2472744,0.14237998,0.46363637
26,19.0,18.748432,0.25156784,0.14630133,0.29545453
27,19.0,18.744137,0.2558632,0.1502244,0.19090909
28,19.0,18.739843,0.26015663,0.15414576,0.29545453
29,20.0,18.73555,1.2644501,1.0714006,0.45454547
30,19.0,18.731256,0.26874352,0.16198844,0.41363636
31,19.0,18.726963,0.27303696,0.16590978,0.3090909
32,19.0,18.72267,0.2773304,0.16983113,0.48636365
33,19.0,18.718376,0.28162384,0.17375249,0.79545456
34,19.0,18.714083,0.28591728,0.17767382,0.6636364
35,19.0,18.70979,0.29021072,0.18159516,0.4909091
36,19.0,18.705496,0.29450417,0.18551652,0.29545453
37,20.0,18.701202,1.2987976,1.1027713,0.19090909
38,19.0,18.696907,0.30309296,0.19336094,0.2090909
39,19.0,18.692614,0.3073864,0.19728228,0.26818183
40,19.0,18.68832,0.31167984,0.20120361,0.3409091
41,19.0,18.684027,0.31597328,0.20512497,0.38636363
42,19.0,18.679733,0.32026672,0.20904632,0.39545456
43,19.0,18.67544,0.32456017,0.21296765,0.3909091
44,19.0,18.671146,0.3288536,0.21688901,0.36363637
45,19.0,18.666853,0.33314705,0.22081035,0.32272726
46,19.0,18.66256,0.3374405,0.22473168,0.3
47,20.0,18.658266,1.3417339,1.1419865,0.21363637
48,19.0,18.653973,0.34602737,0.23257437,0.11818182
49,21.0,18.649677,2.3503227,2.0631645,0.11818182
50,21.0,18.645384,2.3546162,2.0670857,0.10909091
51,21.0,18.64109,2.3589096,2.071007,0.10909091
52,19.0,18.636797,0.36320305,0.24826151,0.1590909
53,19.0,18.632504,0.3674965,0.25218284,0.25
54,19.0,18.62821,0.37178993,0.25610417,0.25454545
55,19.0,18.623917,0.37608337,0.26002553,0.3409091
56,19.0,18.619623,0.38037682,0.26394686,0.29090908
57,19.0,18.61533,0.38467026,0.26786822,0.19545455
58,19.0,18.611036,0.3889637,0.27178958,0.15
59,19.0,18.606743,0.39325714,0.2757109,0.122727275
60,20.0,18.602448,1.3975525,1.1929674,0.14090909
61,20.0,18.598154,1.4018459,1.1968888,0.16818182
62,19.0,18.59386,0.40613937,0.2874767,0.20454545
63,19.0,18.589567,0.41043282,0.29139802,0.20454545
64,19.0,18.585274,0.41472626,0.29531938,0.2
65,19.0,18.58098,0.4190197,0.2992407,0.21818182
66,19.0,18.576687,0.42331314,0.30316207,0.29545453
67,19.0,18.572393,0.42760658,0.3070834,0.34545454
68,19.0,18.5681,0.43190002,0.31100473,0.33636364
69,19.0,18.563807,0.43619347,0.3149261,0.29090908
70,19.0,18.559513,0.4404869,0.31884745,0.25454545
71,20.0,18.555218,1.4447823,1.236104,0.26818183
72,17.0,18.550924,-1.5509243,-1.4999752,0.33636364
73,17.0,18.54663,-1.5466309,-1.4960538,0.5863636
74,19.0,18.542337,0.45766258,0.33453456,0.55454546
75,19.0,18.538044,0.46195602,0.3384559,0.5681818
76,17.0,18.53375,-1.5337505,-1.4842896,0.5
77,17.0,18.529457,-1.5294571,-1.4803685,0.43636364
78,18.0,18.525164,-0.52516365,-0.5631136,0.37727273
79,19.0,18.52087,0.4791298,0.35414127,0.46363637
80,19.0,18.516577,0.48342323,0.3580626,0.57272726
81,19.0,18.512281,0.48771858,0.3619857,0.6
82,19.0,18.507988,0.49201202,0.36590704,0.45909092
83,19.0,18.503695,0.49630547,0.3698284,0.24545455
84,19.0,18.499401,0.5005989,0.37374973,0.3181818
85,19.0,18.495108,0.50489235,0.37767106,0.3409091
86,19.0,18.490814,0.5091858,0.3815924,0.34545454
87,19.0,18.48652,0.51347923,0.38551378,0.3318182
88,19.0,18.482227,0.5177727,0.3894351,0.28181818
89,19.0,18.477934,0.5220661,0.39335647,0.29545453
90,19.0,18.47364,0.52635956,0.3972778,0.3181818
91,19.0,18.469347,0.530653,0.40119913,0.29545453
92,19.0,18.465052,0.53494835,0.40512225,0.3318182
93,19.0,18.460758,0.5392418,0.40904358,0.38181818
94,19.0,18.456465,0.54353523,0.4129649,0.3409091
95,19.0,18.452171,0.5478287,0.41688627,0.24545455
96,18.0,18.447878,-0.44787788,-0.49252588,0.23636363
97,17.0,18.443584,-1.4435844,-1.401938,0.24545455
98,19.0,18.439291,0.560709,0.42865032,0.19090909
99,19.0,18.434998,0.56500244,0.43257165,0.1590909
100,19.0,18.430704,0.5692959,0.43649298,0.2090909
101,19.0,18.42641,0.5735893,0.4404143,0.28636363
102,19.0,18.422117,0.57788277,0.44433567,0.30454546
103,19.0,18.417822,0.5821781,0.4482588,0.3181818
104,19.0,18.413528,0.58647156,0.45218012,0.3272727
105,19.0,18.409235,0.590765,0.45610145,0.3318182
106,19.0,18.404942,0.59505844,0.46002278,0.3272727
107,18.0,18.400648,-0.40064812,-0.44938937,0.33636364
108,17.0,18.396355,-1.3963547,-1.3588016,0.45909092
109,17.0,18.392061,-1.3920612,-1.3548802,0.5
110,17.0,18.387768,-1.3877678,-1.3509588,0.4409091
111,17.0,18.383474,-1.3834743,-1.3470374,0.4181818
112,17.0,18.37918,-1.3791809,-1.3431162,0.47272727
113,17.0,18.374887,-1.3748875,-1.3391948,0.51363635
114,20.0,18.370592,1.6294079,1.4047288,0.46363637
115,19.0,18.366299,0.6337013,0.49531662,0.58181816
116,19.0,18.362005,0.63799477,0.49923798,0.54545456
117,19.0,18.357712,0.6422882,0.5031593,0.65909094
118,19.0,18.353418,0.64658165,0.5070807,0.59090906
119,19.0,18.349125,0.6508751,0.511002,0.5590909
120,19.0,18.344831,0.65516853,0.5149234,0.28181818
121,19.0,18.340538,0.659462,0.5188447,0.18181819
122,18.0,18.336245,-0.33624458,-0.39056745,0.19545455
123,17.0,18.331951,-1.3319511,-1.2999796,0.29545453
124,17.0,18.327656,-1.3276558,-1.2960565,0.23181818
125,16.0,18.323362,-2.3233624,-2.2054687,0.15454546
126,18.0,18.319069,-0.3190689,-0.3748803,0.21363637
127,19.0,18.314775,0.68522453,0.5423745,0.3181818
128,17.0,18.310482,-1.310482,-1.2803711,0.3272727
129,17.0,18.306189,-1.3061886,-1.2764498,0.47727272
130,17.0,18.301895,-1.3018951,-1.2725284,0.37727273
131,19.0,18.297602,0.7023983,0.5580599,0.3318182
132,19.0,18.293308,0.70669174,0.56198126,0.24545455
133,17.0,18.289015,-1.2890148,-1.2607645,0.2090909
134,17.0,18.284721,-1.2847214,-1.2568431,0.17272727
135,19.0,18.280426,0.719574,0.573747,0.17272727
136,19.0,18.276133,0.7238674,0.57766837,0.16818182
137,17.0,18.27184,-1.2718391,-1.2450774,0.15454546
138,18.0,18.267546,-0.2675457,-0.32782245,0.12727273
139,16.0,18.263252,-2.2632523,-2.150568,0.11363637
140,21.0,18.258959,2.7410412,2.4200206,0.17727272
141,21.0,18.254665,2.7453346,2.423942,0.24545455
142,19.0,18.250372,0.74962807,0.6011964,0.3409091
143,19.0,18.246078,0.7539215,0.60511774,0.58181816
144,19.0,18.241785,0.75821495,0.60903907,0.50454545
145,17.0,18.237492,-1.2374916,-1.2137065,0.48636365
146,17.0,18.233196,-1.2331963,-1.2097834,0.47727272
147,19.0,18.228903,0.7710972,0.6208049,0.5
148,18.0,18.22461,-0.22460938,-0.28860727,0.5318182
149,18.0,18.220316,-0.22031593,-0.2846859,0.5863636
150,17.0,18.216022,-1.2160225,-1.194098,0.36363637
151,17.0,18.21173,-1.211729,-1.1901767,0.34545454
152,17.0,18.207436,-1.2074356,-1.1862553,0.38636363
153,17.0,18.203142,-1.2031422,-1.1823341,0.46818182
154,17.0,18.198849,-1.1988487,-1.1784127,0.4181818
155,19.0,18.194555,0.8054447,0.6521756,0.39545456
156,18.0,18.190262,-0.19026184,-0.2572365,0.47272727
157,19.0,18.185966,0.8140335,0.66002005,0.5318182
158,19.0,18.181673,0.81832695,0.6639414,0.5
159,17.0,18.17738,-1.1773796,-1.1588043,0.5
160,17.0,18.173086,-1.1730862,-1.1548829,0.5
161,17.0,18.168793,-1.1687927,-1.1509615,0.47727272
162,17.0,18.1645,-1.1644993,-1.1470402,0.4181818
163,17.0,18.160206,-1.1602058,-1.1431189,0.37727273
164,17.0,18.155912,-1.1559124,-1.1391976,0.37272727
165,17.0,18.151619,-1.151619,-1.1352762,0.36818182
166,19.0,18.147326,0.8526745,0.6953121,0.2590909
167,19.0,18.143032,0.8569679,0.6992335,0.22727273
168,18.0,18.138737,-0.13873672,-0.2101769,0.24090908
169,18.0,18.134443,-0.13444328,-0.20625557,0.23181818
170,19.0,18.13015,0.86985016,0.71099925,0.23636363
171,19.0,18.125856,0.8741436,0.71492064,0.21818182
172,17.0,18.121563,-1.121563,-1.1078249,0.19545455
173,17.0,18.11727,-1.1172695,-1.1039037,0.29090908
174,19.0,18.112976,0.8870239,0.7266847,0.4181818
175,19.0,18.108683,0.89131737,0.73060596,0.6136364
176,19.0,18.10439,0.8956108,0.73452735,0.57272726
177,19.0,18.100096,0.89990425,0.7384486,0.47272727
178,19.0,18.095802,0.9041977,0.74237,0.46818182
179,18.0,18.091507,-0.09150696,-0.16704038,0.45454547
180,17.0,18.087214,-1.0872135,-1.0764525,0.45454547
181,17.0,18.08292,-1.0829201,-1.0725312,0.5409091
182,17.0,18.078627,-1.0786266,-1.0686098,0.5
183,17.0,18.074333,-1.0743332,-1.0646884,0.4409091
184,17.0,18.07004,-1.0700397,-1.0607672,0.3090909
185,17.0,18.065746,-1.0657463,-1.0568458,0.22727273
186,16.0,18.061453,-2.0614529,-1.9662579,0.25
187,18.0,18.05716,-0.057159424,-0.13566962,0.3909091
188,17.0,18.052866,-1.052866,-1.0450819,0.53636366
189,17.0,18.04857,-1.0485706,-1.0411587,0.5954546
190,17.0,18.044277,-1.0442772,-1.0372374,0.5318182
191,17.0,18.039984,-1.0399837,-1.033316,0.4909091
192,17.0,18.03569,-1.0356903,-1.0293946,0.45909092
193,17.0,18.031397,-1.0313969,-1.0254734,0.42727274
194,17.0,18.027103,-1.0271034,-1.021552,0.2090909
195,17.0,18.02281,-1.02281,-1.0176306,0.11363637
196,17.0,18.018517,-1.0185165,-1.0137092,0.12727273
197,17.0,18.014223,-1.0142231,-1.0097879,0.1590909
198,17.0,18.00993,-1.0099297,-1.0058665,0.18181819
199,17.0,18.005636,-1.0056362,-1.0019453,0.22727273
200,17.0,18.00134,-1.0013409,-0.99802214,0.28181818
201,17.0,17.997047,-0.9970474,-0.9941008,0.3
202,17.0,17.992754,-0.992754,-0.9901794,0.29545453
203,17.0,17.98846,-0.98846054,-0.98625815,0.29545453
204,18.0,17.984167,0.015832901,-0.069003284,0.30454546
205,19.0,17.979874,1.0201263,0.8482516,0.35
206,18.0,17.97558,0.024419785,-0.0611606,0.3409091
207,17.0,17.971287,-0.9712868,-0.9705727,0.47727272
208,17.0,17.966993,-0.96699333,-0.96665144,0.4409091
209,17.0,17.9627,-0.9626999,-0.96273005,0.37272727
210,17.0,17.958406,-0.95840645,-0.9588087,0.4
211,17.0,17.954111,-0.9541111,-0.9548856,0.39545456
212,19.0,17.949818,1.0501823,0.8757027,0.44545454
213,18.0,17.945524,0.054475784,-0.033709448,0.5272727
214,18.0,17.94123,0.058769226,-0.029788105,0.6272727
215,19.0,17.936937,1.0630627,0.8874667,0.8545455
216,19.0,17.932644,1.0673561,0.8913881,0.8727273
217,19.0,17.92835,1.0716496,0.8953094,0.71363634
218,18.0,17.924057,0.07594299,-0.014102728,0.53636366
219,18.0,17.919764,0.080236435,-0.010181384,0.5590909
220,18.0,17.91547,0.08452988,-0.0062600398,0.32272726
221,16.0,17.911175,-1.9111748,-1.8290038,0.28181818
222,19.0,17.906881,1.0931187,0.9149179,0.31363636
223,19.0,17.902588,1.0974121,0.9188392,0.39545456
224,19.0,17.898294,1.1017056,0.9227606,0.35454544
225,17.0,17.894001,-0.894001,-0.8999851,0.45
226,17.0,17.889708,-0.88970757,-0.8960637,0.37727273
227,17.0,17.885414,-0.8854141,-0.89214236,0.3318182
228,18.0,17.88112,0.11887932,0.025112456,0.22272727
229,20.0,17.876827,2.1231728,1.8557007,0.15454546
230,21.0,17.872534,3.1274662,2.7729557,0.122727275
231,21.0,17.86824,3.1317596,2.776877,0.1
232,21.0,17.863945,3.136055,2.7808,0.1
233,21.0,17.859652,3.1403484,2.7847211,0.10454545
234,16.0,17.855358,-1.8553581,-1.7780247,0.1
235,17.0,17.851065,-0.8510647,-0.86076987,0.16818182
236,17.0,17.846771,-0.84677124,-0.85684854,0.22272727
237,17.0,17.842478,-0.8424778,-0.8529272,0.4227273
238,17.0,17.838184,-0.83818436,-0.8490058,0.21363637
239,17.0,17.83389,-0.8338909,-0.8450845,0.18181819
240,17.0,17.829597,-0.8295975,-0.84116316,0.28636363
241,17.0,17.825304,-0.82530403,-0.8372418,0.26818183
242,18.0,17.82101,0.17898941,0.080013014,0.23636363
243,19.0,17.816715,1.1832848,0.9972696,0.33636364
244,19.0,17.812422,1.1875782,1.0011909,0.35
245,19.0,17.808128,1.1918716,1.0051123,0.3181818
246,18.0,17.803835,0.19616508,0.09570013,0.33636364
247,18.0,17.799541,0.20045853,0.099621475,0.34545454
248,18.0,17.795248,0.20475197,0.10354283,0.34545454
249,18.0,17.790955,0.20904541,0.107464164,0.37727273
250,19.0,17.786661,1.2133389,1.024719,0.27727273
251,17.0,17.782368,-0.7823677,-0.7980266,0.23636363
252,17.0,17.778074,-0.77807426,-0.7941053,0.13636364
253,17.0,17.77378,-0.7737808,-0.79018396,0.10909091
254,21.0,17.769485,3.2305145,2.8670733,0.095454544
255,20.0,17.765192,2.234808,1.9576609,0.1
256,15.0,17.760899,-2.7608986,-2.6050851,0.1
257,15.0,17.756605,-2.7566051,-2.6011639,0.11363637
258,20.0,17.752312,2.2476883,1.969425,0.13181818
259,19.0,17.748018,1.2519817,1.0600128,0.15
260,19.0,17.743725,1.2562752,1.0639342,0.16363636
261,20.0,17.739431,2.2605686,1.9811891,0.15454546
262,15.0,17.735138,-2.735138,-2.581557,0.22727273
263,16.0,17.730844,-1.7308445,-1.6643022,0.32272726
264,17.0,17.726551,-0.72655106,-0.7470474,0.35
265,17.0,17.722256,-0.7222557,-0.7431243,0.3409091
266,17.0,17.717962,-0.71796227,-0.739203,0.47727272
267,17.0,17.713669,-0.7136688,-0.73528165,0.7590909
268,17.0,17.709375,-0.7093754,-0.73136026,0.6227273
269,19.0,17.705082,1.2949181,1.099228,0.50454545
270,17.0,17.700788,-0.7007885,-0.7235176,0.5181818
271,17.0,17.696495,-0.69649506,-0.7195962,0.92727274
272,17.0,17.692202,-0.6922016,-0.71567494,0.9045454
273,17.0,17.687908,-0.6879082,-0.71175355,0.8772727
274,18.0,17.683615,0.31638527,0.20550124,0.8636364
275,18.0,17.679321,0.3206787,0.2094226,0.9409091
276,18.0,17.675026,0.32497406,0.21334568,0.7772727
277,19.0,17.670732,1.3292675,1.1306006,0.5590909
278,19.0,17.66644,1.333561,1.1345218,0.46363637
279,17.0,17.662146,-0.6621456,-0.6882238,0.51363635
280,17.0,17.657852,-0.6578522,-0.68430245,0.7
281,17.0,17.653559,-0.65355873,-0.68038106,0.91818184
282,17.0,17.649265,-0.6492653,-0.6764597,0.6818182
283,17.0,17.644972,-0.64497185,-0.6725384,0.45909092
284,17.0,17.640678,-0.6406784,-0.66861707,0.40454546
285,17.0,17.636385,-0.63638496,-0.6646957,0.3318182
286,17.0,17.63209,-0.6320896,-0.6607726,0.4
287,19.0,17.627796,1.3722038,1.1698157,0.51363635
288,17.0,17.623503,-0.62350273,-0.65292996,0.36818182
289,18.0,17.61921,0.3807907,0.2643249,0.38181818
290,17.0,17.614916,-0.61491585,-0.64508724,0.35
291,17.0,17.610622,-0.6106224,-0.6411659,0.3409091
292,17.0,17.606329,-0.60632896,-0.6372445,0.36363637
293,17.0,17.602036,-0.6020355,-0.6333232,0.3409091
294,17.0,17.597742,-0.5977421,-0.62940186,0.4909091
295,17.0,17.593449,-0.59344864,-0.62548053,0.79545456
296,19.0,17.589155,1.4108448,1.2051078,0.6090909
297,19.0,17.58486,1.4151402,1.2090309,0.4909091
298,19.0,17.580566,1.4194336,1.2129523,0.57272726
299,17.0,17.576273,-0.57627296,-0.6097934,0.66818184
300,18.0,17.57198,0.42802048,0.30746144,0.5772727
301,19.0,17.567686,1.4323139,1.2247163,0.5090909
302,19.0,17.563393,1.4366074,1.2286376,0.6909091
303,19.0,17.5591,1.4409008,1.232559,0.73636365
304,18.0,17.554806,0.44519424,0.3231468,0.46363637
305,19.0,17.550512,1.4494877,1.2404016,0.4409091
306,19.0,17.546219,1.4537811,1.244323,0.47272727
307,17.0,17.541924,-0.5419235,-0.5784209,0.6636364
308,17.0,17.53763,-0.5376301,-0.57449955,0.79545456
309,17.0,17.533337,-0.53333664,-0.5705782,0.8863636
310,19.0,17.529043,1.4709568,1.2600101,0.6409091
311,19.0,17.52475,1.4752502,1.2639314,0.70454544
312,19.0,17.520456,1.4795437,1.2678528,0.53636366
313,19.0,17.516163,1.4838371,1.271774,0.34545454
314,19.0,17.51187,1.4881306,1.2756954,0.4181818
315,17.0,17.507576,-0.507576,-0.5470502,0.6045455
316,17.0,17.503283,-0.50328255,-0.54312885,0.58181816
317,18.0,17.49899,0.5010109,0.374126,0.6045455
318,19.0,17.494694,1.5053062,1.2913826,0.52272725
319,15.0,17.4904,-2.4904003,-2.35803,0.48636365
320,17.0,17.486107,-0.48610687,-0.5274417,0.55
321,17.0,17.481813,-0.48181343,-0.52352035,0.6181818
322,17.0,17.47752,-0.47752,-0.519599,0.6090909
323,18.0,17.473227,0.52677345,0.39765584,0.39545456
324,18.0,17.468933,0.5310669,0.40157717,0.3590909
325,19.0,17.46464,1.5353603,1.318832,0.4181818
326,15.0,17.460346,-2.4603462,-2.3305805,0.48181817
327,15.0,17.456053,-2.4560528,-2.3266592,0.5318182
328,17.0,17.45176,-0.45175934,-0.49607095,0.4
329,17.0,17.447464,-0.447464,-0.49214783,0.4227273
330,17.0,17.44317,-0.44317055,-0.4882265,0.5681818
331,17.0,17.438877,-0.4388771,-0.48430517,0.7090909
332,17.0,17.434584,-0.43458366,-0.48038384,0.6045455
333,17.0,17.43029,-0.43029022,-0.47646248,0.37272727
334,17.0,17.425997,-0.42599678,-0.47254112,0.3909091
335,18.0,17.421703,0.57829666,0.4447137,0.48181817
336,17.0,17.41741,-0.4174099,-0.46469843,0.5
337,17.0,17.413116,-0.41311646,-0.4607771,0.47727272
338,17.0,17.408823,-0.408823,-0.45685577,0.42727274
339,16.0,17.40453,-1.4045296,-1.3662679,0.4318182
340,17.0,17.400234,-0.40023422,-0.44901133,0.5
341,17.0,17.39594,-0.39594078,-0.44508997,0.5272727
342,16.0,17.391647,-1.3916473,-1.3545021,0.48181817
343,15.0,17.387354,-2.387354,-2.2639143,0.45909092
344,16.0,17.38306,-1.3830605,-1.3466594,0.5
345,17.0,17.378767,-0.378767,-0.4294046,0.6363636
346,17.0,17.374474,-0.37447357,-0.42548326,0.5954546
347,19.0,17.37018,1.6298199,1.4051051,0.52272725
348,19.0,17.365887,1.6341133,1.4090264,0.4909091
349,15.0,17.361593,-2.3615932,-2.240386,0.38636363
350,19.0,17.3573,1.6427002,1.416869,0.7
351,19.0,17.353004,1.6469955,1.4207922,0.8636364
352,17.0,17.348711,-0.348711,-0.40195346,0.8181818
353,17.0,17.344418,-0.34441757,-0.3980321,0.84090906
354,17.0,17.340124,-0.34012413,-0.39411077,0.76363635
355,17.0,17.33583,-0.3358307,-0.39018944,0.70454544
356,17.0,17.331537,-0.33153725,-0.38626805,0.4409091
357,19.0,17.327244,1.6727562,1.4443203,0.46818182
358,19.0,17.32295,1.6770496,1.4482415,0.5181818
359,19.0,17.318657,1.6813431,1.4521629,0.53636366
360,17.0,17.314363,-0.31436348,-0.3705827,0.6090909
361,17.0,17.31007,-0.31007004,-0.36666137,0.7909091
362,17.0,17.305775,-0.3057747,-0.36273825,0.8181818
363,17.0,17.301481,-0.30148125,-0.35881692,0.8363636
364,17.0,17.297188,-0.2971878,-0.3548956,0.5590909
365,17.0,17.292894,-0.29289436,-0.35097423,0.43636364
366,17.0,17.2886,-0.28860092,-0.3470529,0.42727274
367,17.0,17.284307,-0.28430748,-0.34313154,0.47727272
368,17.0,17.280014,-0.28001404,-0.33921018,0.77272725
369,17.0,17.27572,-0.2757206,-0.33528885,0.8954545
370,17.0,17.271427,-0.27142715,-0.33136752,0.67727274
371,17.0,17.267134,-0.2671337,-0.32744616,0.5090909
372,17.0,17.26284,-0.26284027,-0.32352483,0.7090909
373,17.0,17.258545,-0.25854492,-0.31960174,0.7409091
374,17.0,17.254251,-0.25425148,-0.31568038,0.55454546
375,17.0,17.249958,-0.24995804,-0.31175905,0.35454544
376,17.0,17.245665,-0.2456646,-0.3078377,0.4
377,17.0,17.241371,-0.24137115,-0.30391636,0.69545454
378,17.0,17.237078,-0.23707771,-0.29999503,0.65909094
379,18.0,17.232784,0.7672157,0.6172598,0.5272727
380,17.0,17.22849,-0.22849083,-0.29215232,0.50454545
381,18.0,17.224197,0.7758026,0.6251025,0.7090909
382,17.0,17.219904,-0.21990395,-0.28430963,0.65909094
383,17.0,17.215609,-0.2156086,-0.28038657,0.6909091
384,19.0,17.211315,1.7886848,1.5502017,0.49545455
385,19.0,17.207022,1.7929783,1.554123,0.5272727
386,19.0,17.202728,1.7972717,1.5580444,0.47727272
387,17.0,17.198435,-0.19843483,-0.26470116,0.6818182
388,17.0,17.194141,-0.19414139,-0.26077983,0.69545454
389,17.0,17.189848,-0.18984795,-0.2568585,0.7
390,17.0,17.185555,-0.1855545,-0.25293714,0.6909091
391,17.0,17.181261,-0.18126106,-0.24901581,0.6909091
392,17.0,17.176968,-0.17696762,-0.24509446,0.78636366
393,17.0,17.172674,-0.17267418,-0.2411731,0.91818184
394,17.0,17.168379,-0.16837883,-0.23725003,0.74545455
395,17.0,17.164085,-0.16408539,-0.23332867,0.2590909
396,18.0,17.159792,0.84020805,0.6839261,0.22272727
397,18.0,17.155499,0.8445015,0.6878475,0.30454546
398,15.0,17.151205,-2.151205,-2.0482316,0.3590909
399,15.0,17.146912,-2.1469116,-2.0443103,0.51363635
400,15.0,17.142618,-2.1426182,-2.0403888,0.39545456
401,17.0,17.138325,-0.13832474,-0.20980062,0.31363636
402,17.0,17.134031,-0.1340313,-0.20587927,0.3090909
403,17.0,17.129738,-0.12973785,-0.20195794,0.35
404,17.0,17.125443,-0.1254425,-0.19803484,0.4
405,17.0,17.12115,-0.12114906,-0.19411351,0.46818182
406,17.0,17.116856,-0.11685562,-0.19019215,0.45
407,16.0,17.112562,-1.1125622,-1.0996044,0.38181818
408,18.0,17.108269,0.89173126,0.73098403,0.38636363
409,17.0,17.103975,-0.103975296,-0.17842811,0.4318182
410,17.0,17.099682,-0.099681854,-0.17450678,0.54545456
411,17.0,17.095388,-0.09538841,-0.17058544,0.5409091
412,17.0,17.091095,-0.09109497,-0.1666641,0.45454547
413,17.0,17.086802,-0.08680153,-0.16274275,0.4409091
414,17.0,17.082508,-0.08250809,-0.1588214,0.3590909
415,17.0,17.078213,-0.07821274,-0.15489832,0.24090908
416,17.0,17.07392,-0.073919296,-0.15097699,0.55454546
417,17.0,17.069626,-0.069625854,-0.14705563,0.8727273
418,17.0,17.065332,-0.06533241,-0.14313428,0.8636364
419,17.0,17.061039,-0.06103897,-0.13921295,0.8909091
420,17.0,17.056746,-0.05674553,-0.1352916,0.6818182
421,16.0,17.052452,-1.0524521,-1.0447037,0.45
422,16.0,17.048159,-1.0481586,-1.0407823,0.50454545
423,16.0,17.043865,-1.0438652,-1.0368611,0.5272727
424,17.0,17.039572,-0.039571762,-0.11960622,0.46818182
425,16.0,17.035278,-1.0352783,-1.0290183,0.3590909
426,17.0,17.030983,-0.030982971,-0.111761786,0.37272727
427,17.0,17.02669,-0.02668953,-0.10784045,0.3909091
428,17.0,17.022396,-0.022396088,-0.103919104,0.3409091
429,17.0,17.018103,-0.018102646,-0.09999776,0.30454546
430,15.0,17.01381,-2.0138092,-1.9227434,0.26818183
431,15.0,17.009516,-2.0095158,-1.918822,0.3090909
432,15.0,17.005222,-2.0052223,-1.9149007,0.3181818
433,15.0,17.000929,-2.0009289,-1.9109794,0.33636364
434,15.0,16.996635,-1.9966354,-1.907058,0.37727273
435,15.0,16.992342,-1.992342,-1.9031366,0.39545456
436,15.0,16.988049,-1.9880486,-1.8992152,0.3272727
437,16.0,16.983753,-0.9837532,-0.98195875,0.32272726
438,16.0,16.97946,-0.97945976,-0.9780374,0.35
439,15.0,16.975166,-1.9751663,-1.8874495,0.35454544
440,17.0,16.970873,0.029127121,-0.056861233,0.35
441,17.0,16.96658,0.033420563,-0.052939888,0.44545454
442,17.0,16.962286,0.037714005,-0.049018543,0.49545455
443,16.0,16.957993,-0.95799255,-0.9584307,0.5272727
444,16.0,16.9537,-0.9536991,-0.9545093,0.4909091
445,15.0,16.949406,-1.9494057,-1.8639214,0.57272726
446,16.0,16.945112,-0.9451122,-0.94666666,0.5409091
447,17.0,16.940819,0.059181213,-0.029411824,0.5954546
448,16.0,16.936523,-0.93652344,-0.9388222,0.53636366
449,15.0,16.93223,-1.93223,-1.8482343,0.6181818
450,15.0,16.927937,-1.9279366,-1.8443131,0.5409091
451,16.0,16.923643,-0.9236431,-0.9270582,0.35454544
452,17.0,16.91935,0.08065033,-0.00980336,0.52272725
453,17.0,16.915056,0.08494377,-0.0058820164,0.83181816
454,17.0,16.910763,0.08923721,-0.001960672,0.8636364
455,17.0,16.90647,0.093530655,0.001960672,0.9909091
456,17.0,16.902176,0.0978241,0.0058820164,0.7318182
457,15.0,16.897882,-1.8978825,-1.8168637,0.4181818
458,15.0,16.893589,-1.893589,-1.8129423,0.35
459,15.0,16.889294,-1.8892937,-1.8090192,0.29545453
460,15.0,16.885,-1.8850002,-1.8050978,0.55454546
461,15.0,16.880707,-1.8807068,-1.8011764,0.82272726
462,15.0,16.876413,-1.8764133,-1.7972552,0.8363636
463,17.0,16.87212,0.1278801,0.033333167,0.74545455
464,15.0,16.867826,-1.8678265,-1.7894125,0.6227273
465,15.0,16.863533,-1.863533,-1.7854911,0.7181818
466,15.0,16.85924,-1.8592396,-1.7815697,0.58181816
467,15.0,16.854946,-1.8549461,-1.7776483,0.37272727
468,17.0,16.850653,0.1493473,0.052939888,0.3090909
469,16.0,16.84636,-0.84635925,-0.8564722,0.3181818
470,15.0,16.842064,-1.8420639,-1.7658826,0.57272726
471,15.0,16.83777,-1.8377705,-1.7619612,1.0
472,15.0,16.833477,-1.833477,-1.7580401,0.8545455
473,15.0,16.829184,-1.8291836,-1.7541187,0.54545456
474,15.0,16.82489,-1.8248901,-1.7501973,0.5318182
475,15.0,16.820597,-1.8205967,-1.7462759,0.44545454
476,16.0,16.816303,-0.81630325,-0.8290211,0.48181817
477,17.0,16.81201,0.18799019,0.088233724,0.54545456
478,17.0,16.807716,0.19228363,0.09215507,0.47272727
479,16.0,16.803421,-0.803421,-0.8172553,0.4
480,17.0,16.79913,0.20087051,0.09999776,0.4
481,16.0,16.794834,-0.79483414,-0.8094126,0.52272725
482,16.0,16.79054,-0.7905407,-0.8054913,0.5272727
483,16.0,16.786247,-0.78624725,-0.80156994,0.53636366
484,15.0,16.781954,-1.7819538,-1.7109821,0.50454545
485,17.0,16.77766,0.22233963,0.11960622,0.5181818
486,17.0,16.773367,0.22663307,0.123527564,0.53636366
487,18.0,16.769073,1.2309265,1.0407823,0.39545456
488,17.0,16.76478,0.23521996,0.13137025,0.42727274
489,16.0,16.760487,-0.7604866,-0.7780419,0.5863636
490,17.0,16.756191,0.24380875,0.13921468,0.6227273
491,17.0,16.7519,0.24810028,0.14313428,0.7409091
492,17.0,16.747604,0.25239563,0.14705737,0.6727273
493,16.0,16.74331,-0.7433109,-0.7623548,0.44545454
494,18.0,16.739017,1.2609825,1.0682336,0.44545454
495,16.0,16.734724,-0.73472404,-0.75451213,0.66818184
496,16.0,16.73043,-0.7304306,-0.75059074,0.5954546
497,17.0,16.726137,0.27386284,0.1666641,0.85
498,17.0,16.721844,0.27815628,0.17058544,0.8636364
499,18.0,16.71755,1.2824497,1.0878403,0.6136364
500,18.0,16.713257,1.2867432,1.0917616,0.68636364
501,17.0,16.708961,0.2910385,0.18235122,0.8727273
502,17.0,16.704668,0.29533195,0.18627255,0.7590909
503,17.0,16.700375,0.2996254,0.1901939,0.6545454
504,17.0,16.696081,0.30391884,0.19411524,0.4318182
505,20.0,16.691788,3.3082123,2.9380372,0.36363637
506,17.0,16.687494,0.31250572,0.20195794,0.41363636
507,17.0,16.6832,0.31679916,0.20587927,0.8181818
508,17.0,16.678907,0.3210926,0.20980062,0.6727273
509,17.0,16.674614,0.32538605,0.21372198,0.54545456
510,17.0,16.67032,0.3296795,0.2176433,0.4
511,15.0,16.666027,-1.6660271,-1.6051023,0.3318182
512,17.0,16.661732,0.33826828,0.22548774,0.4318182
513,17.0,16.657438,0.34256172,0.22940907,0.6818182
514,17.0,16.653145,0.34685516,0.23333043,0.6
515,17.0,16.648851,0.3511486,0.23725177,0.5772727
516,17.0,16.644558,0.35544205,0.2411731,0.5318182
517,15.0,16.640265,-1.6402645,-1.5815725,0.4227273
518,15.0,16.635971,-1.6359711,-1.5776511,0.38636363
519,15.0,16.631678,-1.6316776,-1.5737298,0.3318182
520,16.0,16.627384,-0.6273842,-0.656475,0.41363636
521,17.0,16.62309,0.37690926,0.26077983,0.5590909
522,16.0,16.618797,-0.6187973,-0.6486323,0.65909094
523,16.0,16.614502,-0.61450195,-0.6447092,0.7818182
524,17.0,16.610209,0.3897915,0.2725456,0.5272727
525,15.0,16.605915,-1.6059151,-1.5502001,0.35454544
526,17.0,16.601622,0.39837837,0.2803883,0.4227273
527,17.0,16.597328,0.4026718,0.28430963,0.9136364
528,17.0,16.593035,0.40696526,0.288231,0.74545455
529,18.0,16.588741,1.4112587,1.2054858,0.57272726
530,17.0,16.584448,0.41555214,0.29607368,0.5090909
531,18.0,16.580154,1.4198456,1.2133285,0.49545455
532,17.0,16.575861,0.42413902,0.30391636,0.40454546
533,17.0,16.571568,0.42843246,0.3078377,0.37272727
534,19.0,16.567272,2.4327278,2.1384277,0.29545453
535,19.0,16.562979,2.4370213,2.142349,0.33636364
536,17.0,16.558685,0.4413147,0.31960347,0.5772727
537,17.0,16.554392,0.44560814,0.32352483,0.97727275
538,17.0,16.550098,0.44990158,0.32744616,0.78636366
539,16.0,16.545805,-0.545805,-0.581966,0.46818182
540,17.0,16.541512,0.45848846,0.33528885,0.37272727
541,16.0,16.537218,-0.5372181,-0.57412326,0.48181817
542,17.0,16.532925,0.46707535,0.34313154,0.7090909
543,17.0,16.528631,0.4713688,0.3470529,0.67727274
544,17.0,16.524338,0.47566223,0.35097423,0.4318182
545,19.0,16.520042,2.4799576,2.1815643,0.52272725
546,19.0,16.515749,2.484251,2.1854856,0.49545455
547,15.0,16.511456,-1.5114555,-1.463927,0.46818182
548,15.0,16.507162,-1.5071621,-1.4600056,0.45909092
549,15.0,16.502869,-1.5028687,-1.4560843,0.46363637
550,16.0,16.498575,-0.4985752,-0.53882945,0.40454546
551,15.0,16.494282,-1.4942818,-1.4482415,0.38636363
552,15.0,16.489988,-1.4899883,-1.4443203,0.35
553,19.0,16.485695,2.514305,2.212935,0.45909092
554,19.0,16.481401,2.5185986,2.2168565,0.42727274
555,19.0,16.477108,2.522892,2.2207778,0.38636363
556,19.0,16.472813,2.5271873,2.2247007,0.40454546
557,18.0,16.46852,1.5314808,1.3152887,0.43636364
558,18.0,16.464226,1.5357742,1.31921,0.4181818
559,17.0,16.459932,0.5400677,0.4097979,0.4227273
560,17.0,16.455639,0.5443611,0.41371924,0.69545454
561,17.0,16.451345,0.54865456,0.41764057,0.8363636
562,17.0,16.447052,0.552948,0.42156193,0.65909094
563,16.0,16.442759,-0.44275856,-0.48785025,0.57272726
564,17.0,16.438465,0.5615349,0.4294046,0.70454544
565,17.0,16.434172,0.5658283,0.43332598,0.69545454
566,17.0,16.429878,0.57012177,0.4372473,0.5
567,16.0,16.425583,-0.4255829,-0.4721631,0.75
568,16.0,16.42129,-0.42128944,-0.46824178,0.75454545
569,17.0,16.416996,0.583004,0.44901305,0.7590909
570,17.0,16.412703,0.58729744,0.4529344,0.6454545
571,17.0,16.40841,0.5915909,0.45685577,0.5681818
572,16.0,16.404116,-0.40411568,-0.45255637,0.53636366
573,16.0,16.399822,-0.39982224,-0.44863504,0.5954546
574,19.0,16.395529,2.6044712,2.2952867,0.7
575,17.0,16.391235,0.60876465,0.47254112,0.90909094
576,17.0,16.38694,0.61306,0.47646424,0.8727273
577,15.0,16.382648,-1.3826485,-1.3462832,0.8363636
578,16.0,16.378353,-0.37835312,-0.42902657,0.8772727
579,17.0,16.37406,0.6259403,0.48822823,0.85
580,16.0,16.369766,-0.36976624,-0.4211839,0.79545456
581,16.0,16.365473,-0.3654728,-0.41726252,0.83181816
582,17.0,16.36118,0.63882065,0.49999228,0.5863636
583,15.0,16.356886,-1.3568859,-1.3227534,0.4909091
584,17.0,16.352592,0.64740753,0.507835,0.65
585,17.0,16.348299,0.651701,0.5117563,0.6818182
586,17.0,16.344006,0.6559944,0.51567763,0.8272727
587,18.0,16.33971,1.6602898,1.4329342,0.85
588,17.0,16.335419,0.6645813,0.52352035,0.81363636
589,17.0,16.331123,0.66887665,0.5274434,0.8454546
590,17.0,16.32683,0.6731701,0.53136474,0.50454545
591,15.0,16.322536,-1.3225365,-1.2913808,0.38181818
592,19.0,16.318243,2.681757,2.3658743,0.5681818
593,19.0,16.31395,2.6860504,2.3697958,0.84090906
594,19.0,16.309656,2.6903439,2.373717,0.74545455
595,19.0,16.305363,2.6946373,2.3776386,0.45909092
596,17.0,16.30107,0.69893074,0.55489284,0.48636365
597,17.0,16.296776,0.7032242,0.55881417,0.59090906
598,16.0,16.29248,-0.29248047,-0.3505962,0.4409091
599,17.0,16.288187,0.711813,0.5666586,0.33636364
600,17.0,16.283894,0.7161064,0.57057995,0.47272727
601,17.0,16.2796,0.72039986,0.5745013,0.47727272
602,18.0,16.275307,1.7246933,1.4917562,0.42727274
603,16.0,16.271013,-0.27101326,-0.33098948,0.5863636
604,16.0,16.26672,-0.26671982,-0.32706815,0.6409091
605,17.0,16.262426,0.7375736,0.59018666,0.81363636
606,17.0,16.258133,0.74186707,0.59410805,0.7181818
607,17.0,16.25384,0.7461605,0.5980294,0.73636365
608,17.0,16.249546,0.75045395,0.6019507,0.46818182
609,15.0,16.24525,-1.2452507,-1.2207932,0.57272726
610,15.0,16.240957,-1.2409573,-1.2168719,0.5318182
611,17.0,16.236664,0.7633362,0.6137165,0.6363636
612,17.0,16.23237,0.7676296,0.6176378,0.41363636
613,18.0,16.228077,1.7719231,1.5348926,0.4
614,15.0,16.223783,-1.2237835,-1.2011864,0.3590909
615,18.0,16.21949,1.78051,1.5427353,0.45454547
616,19.0,16.215197,2.7848034,2.4599903,0.6136364
617,18.0,16.210903,1.7890968,1.5505781,0.69545454
618,18.0,16.20661,1.7933903,1.5544994,0.45909092
619,15.0,16.202316,-1.2023163,-1.1815797,0.47727272
620,16.0,16.19802,-0.19802094,-0.26432317,0.4409091
621,17.0,16.193727,0.8062725,0.6529317,0.45909092
622,17.0,16.189434,0.81056595,0.656853,0.45
623,15.0,16.18514,-1.1851406,-1.1658926,0.4409091
624,15.0,16.180847,-1.1808472,-1.1619712,0.4227273
625,17.0,16.176554,0.8234463,0.66861707,0.55
626,17.0,16.17226,0.8277397,0.6725384,0.75454545
627,16.0,16.167967,-0.16796684,-0.23687375,0.9318182
628,17.0,16.163673,0.8363266,0.68038106,0.8954545
629,17.0,16.15938,0.84062004,0.68430245,0.94545454
630,17.0,16.155087,0.8449135,0.6882238,0.69545454
631,15.0,16.150791,-1.1507912,-1.1345202,0.42727274
632,17.0,16.146498,0.8535023,0.6960682,0.73636365
633,17.0,16.142204,0.8577957,0.69998956,0.8454546
634,16.0,16.13791,-0.13791084,-0.2094226,0.8090909
635,15.0,16.133617,-1.1336174,-1.1188347,0.8545455
636,15.0,16.129324,-1.129324,-1.1149135,0.7681818
637,17.0,16.12503,0.8749695,0.71567494,0.81363636
638,17.0,16.120737,0.8792629,0.7195962,0.8181818
639,17.0,16.116444,0.88355637,0.7235176,0.8
640,17.0,16.11215,0.8878498,0.727439,0.8545455
641,17.0,16.107857,0.89214325,0.73136026,0.8727273
642,17.0,16.103561,0.8964386,0.7352834,0.75454545
643,17.0,16.099268,0.90073204,0.7392047,0.8681818
644,17.0,16.094975,0.9050255,0.7431261,0.7818182
645,17.0,16.090681,0.9093189,0.7470474,0.79545456
646,16.0,16.086388,-0.086387634,-0.16236472,0.6409091
647,17.0,16.082094,0.9179058,0.7548901,0.49545455
648,17.0,16.0778,0.92219925,0.7588115,0.44545454
649,19.0,16.073507,2.9264927,2.5893998,0.31363636
650,15.0,16.069214,-1.0692139,-1.0600128,0.49545455
651,15.0,16.06492,-1.0649204,-1.0560914,0.5681818
652,17.0,16.060627,0.939373,0.7744968,0.49545455
653,14.0,16.056332,-2.0563316,-1.9615805,0.49545455
654,15.0,16.052038,-1.0520382,-1.0443257,0.6636364
655,15.0,16.047745,-1.0477448,-1.0404043,0.9045454
656,17.0,16.043451,0.9565487,0.79018396,0.91818184
657,17.0,16.039158,0.96084213,0.7941053,0.9590909
658,17.0,16.034864,0.9651356,0.7980266,0.81363636
659,17.0,16.030571,0.969429,0.801948,0.6454545
660,15.0,16.026278,-1.0262775,-1.0207977,0.51363635
661,18.0,16.021984,1.9780159,1.7231243,0.35454544
662,17.0,16.01769,0.98230934,0.81371206,0.38181818
663,16.0,16.013397,-0.013397217,-0.09570013,0.46363637
664,15.0,16.009102,-1.0091019,-1.0051105,0.50454545
665,15.0,16.004808,-1.0048084,-1.0011892,0.52272725
666,16.0,16.000515,-0.00051498413,-0.08393436,0.6727273
667,17.0,15.996222,1.0037785,0.83332044,0.9045454
