y,x_detected,baseline_x,deflection_x_px,modified_z,confidence
0,160.0,158.36903917102168,1.630960828978317,2.3491026120337954,0.518797
1,160.0,158.37525475994215,1.6247452400578482,2.338310639814204,0.48872182
2,161.0,158.38147034886262,2.6185296511373792,4.0637937587692825,0.5112782
3,160.0,158.3876859377831,1.6123140622169103,2.316726695375021,0.56390977
4,160.0,158.3939015267036,1.606098473296413,2.3059347231553806,0.6165413
5,159.0,158.40011711562406,0.5998828843759441,0.5588676597611194,0.7669173
6,159.0,158.40633270454452,0.5936672954554751,0.548075687541528,0.90225565
7,159.0,158.412548293465,0.5874517065350062,0.5372837153219366,0.8947368
8,159.0,158.41876388238546,0.5812361176145373,0.5264917431023451,0.81954885
9,159.0,158.42497947130593,0.5750205286940684,0.5156997708827538,0.7293233
10,159.0,158.4311950602264,0.5688049397735995,0.5049077986631624,0.7443609
11,159.0,158.4374106491469,0.5625893508531021,0.49411582644352153,0.69924814
12,159.0,158.44362623806737,0.5563737619326332,0.48332385422393004,0.6616541
13,159.0,158.44984182698784,0.5501581730121643,0.47253188200433865,0.7593985
14,159.0,158.4560574159083,0.5439425840916954,0.4617399097847472,0.69924814
15,159.0,158.46227300482877,0.5377269951712265,0.4509479375651558,0.68421054
16,159.0,158.46848859374924,0.5315114062507575,0.44015596534556434,0.7894737
17,159.0,158.47470418266974,0.5252958173302602,0.42936399312592355,0.57894737
18,159.0,158.4809197715902,0.5190802284097913,0.4185720209063321,0.6466165
19,159.0,158.48713536051068,0.5128646394893224,0.40778004868674067,0.9548872
20,159.0,158.49335094943115,0.5066490505688535,0.3969880764671493,0.7969925
21,159.0,158.49956653835162,0.5004334616483845,0.3861961042475578,0.7819549
22,160.0,158.50578212727208,1.4942178727279156,2.111679223202636,0.60150373
23,159.0,158.51199771619255,0.4880022838074467,0.36461215980837497,0.5263158
24,159.0,158.51821330511305,0.48178669488694936,0.3538201875887342,0.57894737
25,159.0,158.52442889403352,0.47557110596648045,0.3430282153691427,0.6165413
26,159.0,158.530644482954,0.46935551704601153,0.3322362431495513,0.6766917
27,159.0,158.53686007187446,0.4631399281255426,0.32144427092995986,0.6917293
28,159.0,158.54307566079493,0.4569243392050737,0.3106522987103684,0.71428573
29,159.0,158.5492912497154,0.4507087502846048,0.299860326490777,0.7518797
30,159.0,158.55550683863586,0.44449316136413586,0.28906835427118555,0.7669173
31,159.0,158.56172242755636,0.4382775724436385,0.27827638205154476,0.7443609
32,159.0,158.56793801647683,0.4320619835231696,0.2674844098319533,0.84962404
33,159.0,158.5741536053973,0.4258463946027007,0.2566924376123619,0.9097744
34,159.0,158.58036919431777,0.41963080568223177,0.24590046539277044,0.7593985
35,159.0,158.58658478323824,0.41341521676176285,0.235108493173179,0.31578946
36,159.0,158.5928003721587,0.40719962784129393,0.2243165209535876,0.39849624
37,159.0,158.59901596107917,0.400984038920825,0.21352454873399615,0.5864662
38,159.0,158.60523154999967,0.3947684500003277,0.20273257651435536,0.556391
39,159.0,158.61144713892014,0.38855286107985876,0.19194060429476392,0.5037594
40,159.0,158.6176627278406,0.38233727215938984,0.18114863207517248,0.5037594
41,159.0,158.62387831676108,0.3761216832389209,0.17035665985558107,0.48120302
42,159.0,158.63009390568155,0.369906094318452,0.1595646876359896,0.5263158
43,159.0,158.63630949460202,0.3636905053979831,0.1487727154163982,0.62406015
44,159.0,158.6425250835225,0.35747491647751417,0.13798074319680675,0.6766917
45,159.0,158.64874067244298,0.35125932755701683,0.12718877097716597,0.65413535
46,159.0,158.65495626136345,0.3450437386365479,0.11639679875757453,0.6466165
47,159.0,158.66117185028392,0.338828149716079,0.10560482653798309,0.6616541
48,159.0,158.6673874392044,0.3326125607956101,0.09481285431839166,0.65413535
49,159.0,158.67360302812486,0.32639697187514116,0.08402088209880022,0.48872182
50,159.0,158.67981861704533,0.32018138295467224,0.07322890987920878,0.5263158
51,159.0,158.68603420596583,0.3139657940341749,0.062436937659568,0.6616541
52,159.0,158.6922497948863,0.307750205113706,0.05164496543997656,0.7443609
53,159.0,158.69846538380676,0.30153461619323707,0.040852993220385124,0.69924814
54,159.0,158.70468097272723,0.29531902727276815,0.030061021000793695,0.71428573
55,159.0,158.7108965616477,0.28910343835229924,0.01926904878120226,0.7969925
56,159.0,158.71711215056817,0.2828878494318303,0.008477076561610824,0.65413535
57,158.0,158.72332773948864,-0.7233277394886386,-1.73858998683265,0.68421054
58,160.0,158.72954332840914,1.270456671590864,1.7231682232970482,0.6766917
59,160.0,158.7357589173296,1.2642410826703951,1.7123762510774567,0.6466165
60,160.0,158.74197450625007,1.2580254937499262,1.7015842788578655,0.60902256
61,158.0,158.74819009517054,-0.7481900951705427,-1.7817578757110653,0.7894737
62,158.0,158.754405684091,-0.7544056840910116,-1.7925498479306567,0.5864662
63,159.0,158.76062127301148,0.23937872698851947,-0.06706672897557857,0.56390977
64,158.0,158.76683686193195,-0.7668368619319494,-1.8141337923698397,0.7293233
65,159.0,158.77305245085245,0.22694754914755322,-0.0886506734148108,0.83458644
66,158.0,158.77926803977292,-0.7792680397729157,-1.835717736809072,0.556391
67,159.0,158.78548362869338,0.21451637130661538,-0.11023461785399366,0.6766917
68,158.0,158.79169921761385,-0.7916992176138535,-1.8573016812482548,0.518797
69,159.0,158.79791480653432,0.20208519346567755,-0.13181856229317654,0.518797
70,159.0,158.8041303954548,0.19586960454520863,-0.14261053451276798,0.8120301
71,159.0,158.81034598437526,0.1896540156247397,-0.1534025067323594,0.85714287
72,159.0,158.81656157329576,0.18343842670424237,-0.1641944789520002,0.7969925
73,159.0,158.82277716221623,0.17722283778377346,-0.17498645117159164,0.7894737
74,159.0,158.8289927511367,0.17100724886330454,-0.18577842339118306,0.84962404
75,159.0,158.83520834005716,0.16479165994283562,-0.1965703956107745,0.8947368
76,159.0,158.84142392897763,0.1585760710223667,-0.20736236783036593,0.87218046
77,159.0,158.8476395178981,0.1523604821018978,-0.21815434004995735,0.84962404
78,159.0,158.85385510681857,0.14614489318142887,-0.2289463122695488,0.9097744
79,159.0,158.86007069573907,0.13992930426093153,-0.23973828448918957,0.94736844
80,159.0,158.86628628465954,0.1337137153404626,-0.25053025670878104,0.9398496
81,159.0,158.87250187358,0.1274981264199937,-0.2613222289283724,0.924812
82,159.0,158.87871746250048,0.12128253749952478,-0.27211420114796386,0.84210527
83,159.0,158.88493305142094,0.11506694857905586,-0.28290617336755536,0.80451125
84,159.0,158.8911486403414,0.10885135965858694,-0.2936981455871468,0.5714286
85,159.0,158.8973642292619,0.1026357707380896,-0.3044901178067876,0.46616542
86,159.0,158.90357981818238,0.09642018181762069,-0.31528209002637897,0.45112783
87,159.0,158.90979540710285,0.09020459289715177,-0.32607406224597046,0.45112783
88,159.0,158.91601099602332,0.08398900397668285,-0.33686603446556185,0.518797
89,159.0,158.9222265849438,0.07777341505621393,-0.3476580066851533,0.60902256
90,159.0,158.92844217386425,0.07155782613574502,-0.3584499789047448,0.7368421
91,159.0,158.93465776278472,0.0653422372152761,-0.36924195112433617,0.83458644
92,159.0,158.94087335170522,0.05912664829477876,-0.38003392334397695,0.85714287
93,159.0,158.9470889406257,0.05291105937430984,-0.39082589556356834,0.7293233
94,159.0,158.95330452954616,0.046695470453840926,-0.40161786778315983,0.7518797
95,159.0,158.95952011846663,0.04047988153337201,-0.41240984000275127,0.81954885
96,159.0,158.9657357073871,0.03426429261290309,-0.42320181222234265,0.7894737
97,159.0,158.97195129630757,0.028048703692434174,-0.43399378444193415,0.7293233
98,159.0,158.97816688522803,0.021833114771965256,-0.44478575666152553,0.71428573
99,159.0,158.98438247414853,0.015617525851467917,-0.4555777288811663,0.7969925
100,159.0,158.990598063069,0.009401936930999,-0.46636970110075776,0.69924814
101,159.0,158.99681365198947,0.0031863480105300823,-0.47716167332034926,0.68421054
102,159.0,159.00302924090994,-0.003029240909938835,-0.48795364553994064,0.6917293
103,159.0,159.0092448298304,-0.009244829830407753,-0.4987456177595321,0.80451125
104,159.0,159.01546041875088,-0.01546041875087667,-0.5095375899791236,0.87969923
105,159.0,159.02167600767135,-0.021676007671345587,-0.520329562198715,0.94736844
106,159.0,159.02789159659184,-0.027891596591842927,-0.5311215344183557,0.9548872
107,159.0,159.0341071855123,-0.034107185512311844,-0.5419135066379472,0.9699248
108,159.0,159.04032277443278,-0.04032277443278076,-0.5527054788575386,0.9398496
109,159.0,159.04653836335325,-0.04653836335324968,-0.56349745107713,0.924812
110,159.0,159.05275395227372,-0.052753952273718596,-0.5742894232967215,0.57894737
111,159.0,159.0589695411942,-0.058969541194187514,-0.5850813955163129,0.39097744
112,159.0,159.06518513011466,-0.06518513011465643,-0.5958733677359044,0.7669173
113,159.0,159.07140071903515,-0.07140071903515377,-0.6066653399555452,0.90225565
114,159.0,159.07761630795562,-0.07761630795562269,-0.6174573121751366,0.7443609
115,159.0,159.0838318968761,-0.0838318968760916,-0.628249284394728,0.48872182
116,159.0,159.09004748579656,-0.09004748579656052,-0.6390412566143194,0.5263158
117,159.0,159.09626307471703,-0.09626307471702944,-0.6498332288339108,0.60150373
118,159.0,159.1024786636375,-0.10247866363749836,-0.6606252010535024,0.63909775
119,159.0,159.108694252558,-0.1086942525579957,-0.6714171732731431,0.60902256
120,159.0,159.11490984147846,-0.11490984147846461,-0.6822091454927345,0.7518797
121,159.0,159.12112543039893,-0.12112543039893353,-0.6930011177123259,0.7518797
122,161.0,159.1273410193194,1.8726589806805976,2.7687570924174216,0.7293233
123,161.0,159.13355660823987,1.8664433917601286,2.7579651201978304,0.7969925
124,161.0,159.13977219716034,1.8602278028396597,2.747173147978239,0.8120301
125,159.0,159.1459877860808,-0.1459877860808092,-0.7361690065906917,0.8120301
126,159.0,159.1522033750013,-0.15220337500130654,-0.7469609788103325,0.6766917
127,159.0,159.15841896392178,-0.15841896392177546,-0.757752951029924,0.69924814
128,159.0,159.16463455284224,-0.16463455284224437,-0.7685449232495154,0.7819549
129,159.0,159.1708501417627,-0.1708501417627133,-0.7793368954691068,0.90225565
130,159.0,159.17706573068318,-0.1770657306831822,-0.7901288676886982,0.93233085
131,159.0,159.18328131960365,-0.18328131960365113,-0.8009208399082898,0.7969925
132,159.0,159.18949690852412,-0.18949690852412004,-0.8117128121278812,0.7969925
133,159.0,159.19571249744462,-0.19571249744461738,-0.8225047843475218,0.90225565
134,159.0,159.2019280863651,-0.2019280863650863,-0.8332967565671133,0.8270677
135,160.0,159.20814367528556,0.7918563247144448,0.8921863623879648,0.71428573
136,159.0,159.21435926420602,-0.21435926420602414,-0.8548807010062962,0.59398496
137,159.0,159.2205748531265,-0.22057485312649305,-0.8656726732258877,0.56390977
138,159.0,159.22679044204696,-0.22679044204696197,-0.8764646454454791,0.57894737
139,159.0,159.23300603096743,-0.2330060309674309,-0.8872566176650705,0.56390977
140,159.0,159.23922161988793,-0.23922161988792823,-0.8980485898847114,0.5413534
141,160.0,159.2454372088084,0.7545627911916029,0.8274345290703669,0.5413534
142,160.0,159.25165279772887,0.7483472022711339,0.8166425568507755,0.60902256
143,159.0,159.25786838664933,-0.257868386649335,-0.9304245065434855,0.7819549
144,159.0,159.2640839755698,-0.2640839755698039,-0.941216478763077,0.7293233
145,160.0,159.27029956449027,0.7297004355097272,0.7842666401920011,0.5037594
146,160.0,159.27651515341077,0.7234848465892298,0.7734746679723603,0.556391
147,159.0,159.28273074233124,-0.28273074233123907,-0.9735923954219007,0.66917294
148,159.0,159.2889463312517,-0.288946331251708,-0.9843843676414922,0.66917294
149,159.0,159.29516192017218,-0.2951619201721769,-0.9951763398610836,0.6616541
150,160.0,159.30137750909265,0.6986224909073542,0.7303067790939946,0.68421054
151,160.0,159.30759309801311,0.6924069019868853,0.7195148068744032,0.68421054
152,161.0,159.31380868693358,1.6861913130664163,2.4449979258294814,0.62406015
153,160.0,159.32002427585408,0.679975724145919,0.6979308624351709,0.59398496
154,159.0,159.32623986477455,-0.3262398647745499,-1.04913620095909,0.6766917
155,159.0,159.33245545369502,-0.33245545369501883,-1.0599281731786816,0.71428573
156,160.0,159.3386710426155,0.6613289573845123,0.6655549457763966,0.57894737
157,160.0,159.34488663153596,0.6551133684640433,0.6547629735568052,0.5488722
158,161.0,159.35110222045643,1.6488977795435744,2.3802460925118836,0.6315789
159,161.0,159.3573178093769,1.6426821906231055,2.369454120292292,0.65413535
160,161.0,159.3635333982974,1.6364666017026082,2.3586621480726513,0.5413534
161,161.0,159.36974898721786,1.6302510127821392,2.3478701758530596,0.43609023
162,160.0,159.37596457613833,0.6240354238616703,0.6008031124587987,0.44360903
163,159.0,159.3821801650588,-0.3821801650587986,-1.1462639509354624,0.42857143
164,159.0,159.38839575397927,-0.3883957539792675,-1.157055923155054,0.38345864
165,159.0,159.39461134289974,-0.39461134289973643,-1.1678478953746452,0.33082706
166,159.0,159.4008269318202,-0.40082693182020535,-1.1786398675942367,0.42105263
167,159.0,159.4070425207407,-0.4070425207407027,-1.1894318398138775,0.6616541
168,159.0,159.41325810966117,-0.4132581096611716,-1.200223812033469,0.62406015
169,159.0,159.41947369858164,-0.4194736985816405,-1.2110157842530602,0.6466165
170,160.0,159.4256892875021,0.5743107124978906,0.5144673347020178,0.5714286
171,161.0,159.43190487642258,1.5680951235774216,2.2399504536570958,0.57894737
172,160.0,159.43812046534305,0.5618795346569527,0.492883390262835,0.5338346
173,160.0,159.44433605426352,0.5556639457364838,0.4820914180432435,0.518797
174,161.0,159.450551643184,1.5494483568159865,2.207574536998272,0.5338346
175,161.0,159.45676723210448,1.5432327678955176,2.196782564778681,0.6315789
176,161.0,159.46298282102495,1.5370171789750486,2.1859905925590892,0.6917293
177,161.0,159.46919840994542,1.5308015900545797,2.175198620339498,0.84210527
178,159.0,159.4754139988659,-0.4754139988658892,-1.3081435342294325,0.7368421
179,159.0,159.48162958778636,-0.4816295877863581,-1.318935506449024,0.6165413
180,161.0,159.48784517670686,1.5121548232931445,2.1428227036806744,0.6766917
181,161.0,159.49406076562732,1.5059392343726756,2.132030731461083,0.7669173
182,160.0,159.5002763545478,0.4997236454522067,0.3849636680668219,0.69924814
183,160.0,159.50649194346826,0.4935080565317378,0.3741716958472304,0.5338346
184,161.0,159.51270753238873,1.4872924676112689,2.099654814802309,0.5338346
185,161.0,159.5189231213092,1.4810768786908,2.088862842582717,0.45112783
186,161.0,159.52513871022967,1.474861289770331,2.078070870363126,0.49624062
187,161.0,159.53135429915017,1.4686457008498337,2.067278898143485,0.7744361
188,159.0,159.53756988807064,-0.5375698880706352,-1.4160632564254456,0.7443609
189,159.0,159.5437854769911,-0.5437854769911041,-1.4268552286450369,0.7368421
190,161.0,159.55000106591157,1.449998934088427,2.0349029814847106,0.5263158
191,161.0,159.55621665483204,1.443783345167958,2.024111009265119,0.518797
192,161.0,159.5624322437525,1.4375677562474891,2.0133190370455276,0.39097744
193,161.0,159.56864783267298,1.4313521673270202,2.0025270648259363,0.31578946
194,161.0,159.57486342159348,1.4251365784065229,1.9917350926062958,0.42857143
195,161.0,159.58107901051395,1.418920989486054,1.980943120386704,0.60902256
196,160.0,159.58729459943441,0.412705400565585,0.23387605699244313,0.6766917
197,160.0,159.59351018835488,0.4064898116451161,0.22308408477285166,0.7518797
198,160.0,159.59972577727535,0.4002742227246472,0.21229211255326022,0.8120301
199,159.0,159.60594136619582,-0.6059413661958217,-1.534774950841001,0.9097744
200,159.0,159.6121569551163,-0.6121569551162906,-1.5455669230605922,0.87969923
201,159.0,159.6183725440368,-0.618372544036788,-1.556358895280233,0.88721806
202,159.0,159.62458813295726,-0.6245881329572569,-1.5671508674998245,0.8947368
203,159.0,159.63080372187773,-0.6308037218777258,-1.577942839719416,0.94736844
204,159.0,159.6370193107982,-0.6370193107981947,-1.5887348119390072,0.88721806
205,159.0,159.64323489971866,-0.6432348997186637,-1.5995267841585987,0.7593985
206,160.0,159.64945048863913,0.3505495113608674,0.1259563347964794,0.7744361
207,161.0,159.6556660775596,1.3443339224403985,1.8514394537515577,0.80451125
208,160.0,159.6618816664801,0.33811833351990117,0.10437239035724717,0.6917293
209,159.0,159.66809725540057,-0.6680972554005677,-1.6426946730370138,0.7067669
210,159.0,159.67431284432104,-0.6743128443210367,-1.6534866452566053,0.68421054
211,161.0,159.6805284332415,1.3194715667584944,1.8082715648731424,0.6165413
212,160.0,159.68674402216197,0.3132559778380255,0.061204501478881436,0.6616541
213,159.0,159.69295961108244,-0.6929596110824434,-1.6858625619153795,0.7218045
214,159.0,159.69917520000294,-0.6991752000029408,-1.6966545341350203,0.7819549
215,160.0,159.7053907889234,0.2946092110765903,0.028828584820057783,0.7744361
216,159.0,159.71160637784388,-0.7116063778438786,-1.718238478574203,0.8270677
217,160.0,159.71782196676435,0.2821780332356525,0.007244640380874912,0.8947368
218,159.0,159.72403755568482,-0.7240375556848164,-1.7398224230133863,0.9398496
219,159.0,159.73025314460529,-0.7302531446052853,-1.7506143952329776,0.924812
220,159.0,159.73646873352575,-0.7364687335257543,-1.761406367452569,0.81954885
221,160.0,159.74268432244625,0.2573156775537484,-0.03592324849754018,0.6917293
222,160.0,159.74889991136672,0.2511000886332795,-0.04671522071713162,0.7969925
223,159.0,159.7551155002872,-0.7551155002871894,-1.7937822841113926,1.0
224,159.0,159.76133108920766,-0.7613310892076584,-1.8045742563309841,0.96240604
225,161.0,159.76754667812813,1.2324533218718727,1.6571839537987636,0.84962404
226,159.0,159.7737622670486,-0.7737622670485962,-1.8261582007701669,0.66917294
227,159.0,159.77997785596907,-0.7799778559690651,-1.8369501729897584,0.7067669
228,159.0,159.78619344488956,-0.7861934448895624,-1.8477421452093992,0.6466165
229,161.0,159.79240903381003,1.2075909661899686,1.6140160649203485,0.60902256
230,161.0,159.7986246227305,1.2013753772694997,1.603224092700757,0.5263158
231,161.0,159.80484021165097,1.1951597883490308,1.5924321204811658,0.83458644
232,161.0,159.81105580057144,1.1889441994285619,1.5816401482615743,0.7969925
233,161.0,159.8172713894919,1.182728610508093,1.5708481760419828,0.80451125
234,160.0,159.82348697841238,0.17651302158762405,-0.1762188873522782,0.69924814
235,161.0,159.82970256733287,1.1702974326671267,1.5492642316027507,0.68421054
236,160.0,159.83591815625334,0.1640818437466578,-0.1978028317915104,0.6917293
237,161.0,159.8421337451738,1.1578662548261889,1.5276802871635677,0.71428573
238,161.0,159.84834933409428,1.15165066590572,1.5168883149439765,0.7518797
239,160.0,159.85456492301475,0.14543507698525104,-0.23017874845028474,0.8120301
240,160.0,159.86078051193522,0.13921948806478213,-0.24097072066987615,0.91729325
241,159.0,159.8669961008557,-0.8669961008556868,-1.9880377840641372,0.93233085
242,159.0,159.87321168977618,-0.8732116897761841,-1.9988297562837778,0.87218046
243,159.0,159.87942727869665,-0.879427278696653,-2.0096217285033693,0.93233085
244,159.0,159.88564286761712,-0.885642867617122,-2.020413700722961,0.9548872
245,160.0,159.8918584565376,0.10814154346240912,-0.29493058176788267,0.7819549
246,160.0,159.89807404545806,0.1019259545419402,-0.3057225539874741,0.7819549
247,159.0,159.90428963437853,-0.9042896343785287,-2.0527896173817353,0.88721806
248,159.0,159.91050522329903,-0.9105052232990261,-2.063581589601376,0.6315789
249,159.0,159.9167208122195,-0.916720812219495,-2.0743735618209675,0.44360903
250,159.0,159.92293640113996,-0.9229364011399639,-2.085165534040559,0.5413534
251,159.0,159.92915199006043,-0.9291519900604328,-2.09595750626015,0.7744361
252,159.0,159.9353675789809,-0.9353675789809017,-2.106749478479742,0.7218045
253,161.0,159.94158316790137,1.0584168320986294,1.3550087316500061,0.84210527
254,160.0,159.94779875682184,0.05220124317816044,-0.3920583317442549,0.7443609
255,159.0,159.95401434574234,-0.9540143457423369,-2.1391253951385654,0.80451125
256,159.0,159.9602299346628,-0.9602299346628058,-2.1499173673581566,0.7669173
257,159.0,159.96644552358327,-0.9664455235832747,-2.1607093395777484,0.5112782
258,159.0,159.97266111250374,-0.9726611125037437,-2.1715013117973396,0.5263158
259,159.0,159.9788767014242,-0.9788767014242126,-2.182293284016931,0.80451125
260,159.0,159.98509229034468,-0.9850922903446815,-2.1930852562365226,0.7293233
261,161.0,159.99130787926515,1.0086921207348496,1.268672953893225,0.7518797
262,161.0,159.99752346818565,1.0024765318143523,1.2578809816735845,0.46616542
263,159.0,160.00373905710612,-1.0037390571061167,-2.225461172895346,0.38345864
264,159.0,160.00995464602659,-1.0099546460265856,-2.2362531451149374,0.31578946
265,161.0,160.01617023494705,0.9838297650529455,1.22550506501481,0.31578946
266,160.0,160.02238582386752,-0.022385823867523413,-0.5215619983794508,0.36842105
267,160.0,160.028601412788,-0.02860141278799233,-0.5323539705990423,0.46616542
268,160.0,160.03481700170846,-0.03481700170846125,-0.5431459428186338,0.5037594
269,161.0,160.04103259062896,0.9589674093710414,1.182337176136395,0.47368422
270,161.0,160.04724817954943,0.9527518204505725,1.1715452039168037,0.5864662
271,161.0,160.0534637684699,0.9465362315301036,1.1607532316972122,0.59398496
272,160.0,160.05967935739037,-0.05967935739036534,-0.5863138316970489,0.5714286
273,161.0,160.06589494631083,0.9341050536891657,1.1391692872580292,0.5864662
274,161.0,160.0721105352313,0.9278894647686968,1.1283773150384377,0.5112782
275,160.0,160.07832612415177,-0.07832612415177209,-0.6186897483558231,0.43609023
276,161.0,160.08454171307227,0.9154582869277306,1.1067933705992057,0.62406015
277,160.0,160.09075730199274,-0.09075730199273835,-0.6402736927950553,0.84210527
278,161.0,160.0969728909132,0.9030271090867927,1.0852094261600227,0.7669173
279,161.0,160.10318847983368,0.8968115201663238,1.0744174539404314,0.60902256
280,161.0,160.10940406875415,0.8905959312458549,1.06362548172084,0.6466165
281,161.0,160.1156196576746,0.884380342325386,1.0528335095012484,0.6917293
282,161.0,160.1218352465951,0.8781647534048886,1.0420415372816076,0.7819549
283,161.0,160.12805083551558,0.8719491644844197,1.0312495650620161,0.85714287
284,161.0,160.13426642443605,0.8657335755639508,1.0204575928424249,0.80451125
285,161.0,160.14048201335652,0.8595179866434819,1.0096656206228334,0.66917294
286,161.0,160.146697602277,0.853302397723013,0.9988736484032419,0.66917294
287,161.0,160.15291319119746,0.8470868088025441,0.9880816761836505,0.69924814
288,161.0,160.15912878011792,0.8408712198820751,0.977289703964059,0.7067669
289,161.0,160.16534436903842,0.8346556309615778,0.9664977317444183,0.71428573
290,161.0,160.1715599579589,0.8284400420411089,0.9557057595248268,0.6616541
291,161.0,160.17777554687936,0.82222445312064,0.9449137873052353,0.5864662
292,161.0,160.18399113579983,0.816008864200171,0.934121815085644,0.5112782
293,161.0,160.1902067247203,0.8097932752797021,0.9233298428660526,0.46616542
294,161.0,160.19642231364077,0.8035776863592332,0.9125378706464612,0.42857143
295,161.0,160.20263790256124,0.7973620974387643,0.9017458984268697,0.45112783
296,161.0,160.20885349148173,0.791146508518267,0.8909539262072289,0.5413534
297,161.0,160.2150690804022,0.784930919597798,0.8801619539876375,0.59398496
298,161.0,160.22128466932267,0.7787153306773291,0.869369981768046,0.924812
299,161.0,160.22750025824314,0.7724997417568602,0.8585780095484546,0.91729325
300,161.0,160.2337158471636,0.7662841528363913,0.8477860373288632,0.86466163
301,161.0,160.23993143608408,0.7600685639159224,0.8369940651092717,0.83458644
302,161.0,160.24614702500455,0.7538529749954535,0.8262020928896803,0.7969925
303,161.0,160.25236261392504,0.7476373860749561,0.8154101206700395,0.81954885
304,160.0,160.2585782028455,-0.2585782028455128,-0.9316569427242215,0.6315789
305,160.0,160.26479379176598,-0.2647937917659817,-0.942448914943813,0.57894737
306,161.0,160.27100938068645,0.7289906193135494,0.7830342040112652,0.7293233
307,161.0,160.27722496960692,0.7227750303930804,0.7722422317916738,0.7293233
308,161.0,160.2834405585274,0.7165594414726115,0.7614502595720823,0.7819549
309,161.0,160.2896561474479,0.7103438525521142,0.7506582873524416,0.81954885
310,161.0,160.29587173636835,0.7041282636316453,0.7398663151328501,0.7894737
311,161.0,160.30208732528882,0.6979126747111764,0.7290743429132587,0.84210527
312,161.0,160.3083029142093,0.6916970857907074,0.7182823706936673,0.71428573
313,161.0,160.31451850312976,0.6854814968702385,0.7074903984740757,0.518797
314,160.0,160.32073409205023,-0.3207340920502304,-1.0395766649201852,0.518797
315,161.0,160.3269496809707,0.6730503190293007,0.6859064540348929,0.5263158
316,161.0,160.3331652698912,0.6668347301088033,0.6751144818152522,0.59398496
317,161.0,160.33938085881167,0.6606191411883344,0.6643225095956606,0.5714286
318,161.0,160.34559644773213,0.6544035522678655,0.6535305373760693,0.7593985
319,161.0,160.3518120366526,0.6481879633473966,0.6427385651564779,0.80451125
320,161.0,160.35802762557307,0.6419723744269277,0.6319465929368864,0.7593985
321,161.0,160.36424321449354,0.6357567855064588,0.621154620717295,0.7744361
322,161.0,160.370458803414,0.6295411965859898,0.6103626484977035,0.7368421
323,161.0,160.3766743923345,0.6233256076654925,0.5995706762780627,0.66917294
324,161.0,160.38288998125498,0.6171100187450236,0.5887787040584713,0.68421054
325,161.0,160.38910557017545,0.6108944298245547,0.5779867318388798,0.8120301
326,161.0,160.39532115909591,0.6046788409040857,0.5671947596192884,0.7669173
327,161.0,160.40153674801638,0.5984632519836168,0.5564027873996971,0.6917293
328,161.0,160.40775233693685,0.5922476630631479,0.5456108151801056,0.45864663
329,161.0,160.41396792585732,0.586032074142679,0.5348188429605142,0.43609023
330,161.0,160.42018351477782,0.5798164852221817,0.5240268707408734,0.556391
331,161.0,160.4263991036983,0.5736008963017127,0.5132348985212819,0.60150373
332,161.0,160.43261469261876,0.5673853073812438,0.5024429263016905,0.48120302
333,161.0,160.43883028153923,0.5611697184607749,0.4916509540820991,0.34586465
334,161.0,160.4450458704597,0.554954129540306,0.4808589818625076,0.33082706
335,161.0,160.45126145938016,0.5487385406198371,0.47006700964291614,0.32330826
336,160.0,160.45747704830063,-0.45747704830063185,-1.2770000537513448,0.39849624
337,161.0,160.46369263722113,0.5363073627788708,0.448483065203684,0.556391
338,161.0,160.4699082261416,0.5300917738584019,0.4376910929840925,0.7067669
339,161.0,160.47612381506207,0.523876184937933,0.4268991207645011,0.7368421
340,161.0,160.48233940398254,0.5176605960174641,0.41610714854490966,0.5413534
341,161.0,160.488554992903,0.5114450070969951,0.40531517632531816,0.48872182
342,161.0,160.49477058182347,0.5052294181765262,0.3945232041057268,0.556391
343,161.0,160.50098617074397,0.4990138292560289,0.383731231886086,0.6315789
344,161.0,160.50720175966444,0.49279824033555997,0.3729392596664946,0.5413534
345,161.0,160.5134173485849,0.48658265141509105,0.3621472874469031,0.556391
346,161.0,160.51963293750538,0.48036706249462213,0.35135531522731167,0.86466163
347,161.0,160.52584852642585,0.4741514735741532,0.34056334300772023,0.85714287
348,161.0,160.53206411534632,0.4679358846536843,0.3297713707881288,0.68421054
349,161.0,160.53827970426678,0.4617202957332154,0.3189793985685374,0.48120302
350,161.0,160.54449529318728,0.45550470681271804,0.3081874263488966,0.5112782
351,161.0,160.55071088210775,0.4492891178922491,0.2973954541293052,0.60150373
352,161.0,160.55692647102822,0.4430735289717802,0.28660348190971374,0.556391
353,161.0,160.5631420599487,0.4368579400513113,0.27581150969012225,0.47368422
354,161.0,160.56935764886916,0.43064235113084237,0.26501953747053086,0.57894737
355,161.0,160.57557323778963,0.42442676221037345,0.2542275652509394,0.63909775
356,161.0,160.5817888267101,0.41821117328990454,0.24343559303134796,0.556391
357,161.0,160.5880044156306,0.4119955843694072,0.2326436208117072,0.39097744
358,161.0,160.59422000455106,0.4057799954489383,0.22185164859211579,0.5488722
359,161.0,160.60043559347153,0.39956440652846936,0.21105967637252432,0.65413535
360,161.0,160.606651182392,0.39334881760800045,0.20026770415293288,0.46616542
361,161.0,160.61286677131247,0.3871332286875315,0.18947573193334144,0.31578946
362,161.0,160.61908236023294,0.3809176397670626,0.17868375971375003,0.33834586
363,161.0,160.6252979491534,0.3747020508465937,0.1678917874941586,0.45864663
364,161.0,160.6315135380739,0.36848646192609635,0.1570998152745178,0.46616542
365,161.0,160.63772912699437,0.36227087300562744,0.14630784305492636,0.43609023
366,161.0,160.64394471591484,0.3560552840851585,0.13551587083533492,0.33834586
367,161.0,160.6501603048353,0.3498396951646896,0.1247238986157435,0.2781955
368,161.0,160.65637589375578,0.3436241062442207,0.11393192639615204,0.33082706
369,161.0,160.66259148267625,0.33740851732375177,0.10313995417656062,0.34586465
370,161.0,160.66880707159675,0.3311929284032544,0.09234798195691983,0.48872182
371,161.0,160.67502266051721,0.3249773394827855,0.08155600973732839,0.7518797
372,161.0,160.68123824943768,0.3187617505623166,0.07076403751773697,0.69924814
373,161.0,160.68745383835815,0.3125461616418477,0.05997206529814553,0.69924814
374,161.0,160.69366942727862,0.30633057272137876,0.04918009307855409,0.6165413
375,161.0,160.6998850161991,0.30011498380090984,0.038388120858962656,0.41353384
376,161.0,160.70610060511956,0.2938993948804409,0.02759614863937122,0.30827066
377,161.0,160.71231619404006,0.2876838059599436,0.016804176419730435,0.2556391
378,161.0,160.71853178296053,0.28146821703947467,0.006012204200139,0.2556391
379,161.0,160.724747371881,0.27525262811900575,-0.0047797680194524355,0.2857143
380,161.0,160.73096296080146,0.26903703919853683,-0.01557174023904387,0.36842105
381,161.0,160.73717854972193,0.2628214502780679,-0.026363712458635304,0.42857143
382,161.0,160.7433941386424,0.256605861357599,-0.03715568467822674,0.49624062
383,161.0,160.74960972756287,0.2503902724371301,-0.04794765689781818,0.5263158
384,161.0,160.75582531648337,0.24417468351663274,-0.05873962911745897,0.48120302
385,161.0,160.76204090540384,0.23795909459616382,-0.0695316013370504,0.42857143
386,161.0,160.7682564943243,0.2317435056756949,-0.08032357355664183,0.34586465
387,161.0,160.77447208324477,0.225527916755226,-0.09111554577623326,0.32330826
388,161.0,160.78068767216524,0.21931232783475707,-0.1019075179958247,0.47368422
389,161.0,160.7869032610857,0.21309673891428815,-0.11269949021541613,0.5037594
390,161.0,160.79311885000618,0.20688114999381924,-0.12349146243500758,0.48120302
391,161.0,160.79933443892668,0.2006655610733219,-0.13428343465464837,0.36842105
392,161.0,160.80555002784715,0.19444997215285298,-0.14507540687423978,0.32330826
393,161.0,160.81176561676762,0.18823438323238406,-0.15586737909383125,0.2857143
394,161.0,160.81798120568808,0.18201879431191514,-0.1666593513134227,0.24812031
395,161.0,160.82419679460855,0.17580320539144623,-0.1774513235330141,0.24060151
396,161.0,160.83041238352902,0.1695876164709773,-0.18824329575260554,0.2556391
397,161.0,160.8366279724495,0.1633720275505084,-0.19903526797219698,0.30075186
398,161.0,160.84284356137,0.15715643863001105,-0.20982724019183777,0.48872182
399,161.0,160.84905915029046,0.15094084970954214,-0.22061921241142918,0.7744361
400,161.0,160.85527473921093,0.14472526078907322,-0.23141118463102062,0.80451125
401,161.0,160.8614903281314,0.1385096718686043,-0.24220315685061208,0.86466163
402,161.0,160.86770591705186,0.13229408294813538,-0.2529951290702035,0.85714287
403,161.0,160.87392150597233,0.12607849402766647,-0.26378710128979493,0.84962404
404,161.0,160.8801370948928,0.11986290510719755,-0.2745790735093864,0.84962404
405,161.0,160.8863526838133,0.11364731618670021,-0.28537104572902716,0.8120301
406,161.0,160.89256827273377,0.10743172726623129,-0.2961630179486186,0.7067669
407,161.0,160.89878386165424,0.10121613834576237,-0.30695499016821004,0.6766917
408,161.0,160.9049994505747,0.09500054942529346,-0.3177469623878015,0.6165413
409,161.0,160.91121503949518,0.08878496050482454,-0.32853893460739286,0.45112783
410,161.0,160.91743062841564,0.08256937158435562,-0.33933090682698436,0.41353384
411,161.0,160.92364621733614,0.07635378266385828,-0.35012287904662515,0.40601504
412,161.0,160.9298618062566,0.07013819374338937,-0.36091485126621653,0.46616542
413,161.0,160.93607739517708,0.06392260482292045,-0.37170682348580797,0.5263158
414,161.0,160.94229298409755,0.05770701590245153,-0.38249879570539946,0.5864662
415,161.0,160.94850857301802,0.05149142698198261,-0.39329076792499085,0.6315789
416,161.0,160.9547241619385,0.045275838061513696,-0.40408274014458234,0.6165413
417,161.0,160.96093975085896,0.03906024914104478,-0.4148747123641737,0.6315789
418,161.0,160.96715533977945,0.03284466022054744,-0.4256666845838145,0.5037594
419,161.0,160.97337092869992,0.026629071300078522,-0.43645865680340595,0.36842105
420,161.0,160.9795865176204,0.020413482379609604,-0.4472506290229974,0.33834586
421,161.0,160.98580210654086,0.014197893459140687,-0.45804260124258883,0.2631579
422,161.0,160.99201769546133,0.00798230453867177,-0.4688345734621802,0.22556391
423,161.0,160.9982332843818,0.001766715618202852,-0.4796265456817717,0.17293233
424,161.0,161.00444887330227,-0.004448873302266065,-0.49041851790136315,0.20300752
425,161.0,161.01066446222276,-0.010664462222763404,-0.5012104901210039,0.2932331
426,161.0,161.01688005114323,-0.016880051143232322,-0.5120024623405953,0.36090225
427,161.0,161.0230956400637,-0.02309564006370124,-0.5227944345601868,0.40601504
428,161.0,161.02931122898417,-0.029311228984170157,-0.5335864067797782,0.38345864
429,161.0,161.03552681790464,-0.035526817904639074,-0.5443783789993696,0.30827066
430,161.0,161.0417424068251,-0.04174240682510799,-0.5551703512189611,0.24060151
431,161.0,161.04795799574558,-0.04795799574557691,-0.5659623234385526,0.24060151
432,161.0,161.05417358466607,-0.05417358466607425,-0.5767542956581933,0.31578946
433,161.0,161.06038917358654,-0.060389173586543166,-0.5875462678777847,0.41353384
434,161.0,161.066604762507,-0.06660476250701208,-0.5983382400973762,0.36842105
435,161.0,161.07282035142748,-0.072820351427481,-0.6091302123169676,0.30827066
436,161.0,161.07903594034795,-0.07903594034794992,-0.6199221845365591,0.2857143
437,162.0,161.08525152926842,0.9147484707315812,1.105560934418519,0.2781955
438,163.0,161.09146711818892,1.9085328818110838,2.831044053373548,0.30075186
439,161.0,161.09768270710939,-0.09768270710938509,-0.6522981011953827,0.36842105
440,162.0,161.10389829602985,0.896101703970146,1.0731850177596955,0.47368422
441,161.0,161.11011388495032,-0.11011388495032293,-0.6738820456345656,0.63909775
442,161.0,161.1163294738708,-0.11632947387079184,-0.684674017854157,0.60902256
443,161.0,161.12254506279126,-0.12254506279126076,-0.6954659900737484,0.49624062
444,161.0,161.12876065171173,-0.12876065171172968,-0.7062579622933399,0.47368422
445,161.0,161.13497624063223,-0.13497624063222702,-0.7170499345129807,0.44360903
446,161.0,161.1411918295527,-0.14119182955269594,-0.7278419067325721,0.47368422
447,161.0,161.14740741847316,-0.14740741847316485,-0.7386338789521636,0.6165413
448,161.0,161.15362300739363,-0.15362300739363377,-0.749425851171755,0.7669173
449,161.0,161.1598385963141,-0.1598385963141027,-0.7602178233913464,0.7819549
450,161.0,161.16605418523457,-0.1660541852345716,-0.7710097956109377,0.6766917
451,161.0,161.17226977415504,-0.17226977415504052,-0.7818017678305293,0.60150373
452,161.0,161.17848536307554,-0.17848536307553786,-0.79259374005017,0.36842105
453,161.0,161.184700951996,-0.18470095199600678,-0.8033857122697614,0.30075186
454,161.0,161.19091654091648,-0.1909165409164757,-0.8141776844893529,0.24812031
455,161.0,161.19713212983694,-0.19713212983694461,-0.8249696567089444,0.24812031
456,161.0,161.2033477187574,-0.20334771875741353,-0.8357616289285358,0.40601504
457,161.0,161.20956330767788,-0.20956330767788245,-0.8465536011481273,0.41353384
458,161.0,161.21577889659835,-0.21577889659835137,-0.8573455733677187,0.36842105
459,161.0,161.22199448551885,-0.2219944855188487,-0.8681375455873596,0.31578946
460,161.0,161.22821007443932,-0.22821007443931762,-0.8789295178069509,0.44360903
461,161.0,161.2344256633598,-0.23442566335978654,-0.8897214900265423,0.6766917
462,161.0,161.24064125228026,-0.24064125228025546,-0.9005134622461337,0.5864662
463,161.0,161.24685684120072,-0.24685684120072438,-0.9113054344657252,0.41353384
464,161.0,161.2530724301212,-0.2530724301211933,-0.9220974066853167,0.2631579
465,163.0,161.25928801904166,1.7407119809583378,2.539660803444431,0.2932331
466,163.0,161.26550360796216,1.7344963920378405,2.5288688312247904,0.30075186
467,163.0,161.27171919688263,1.7282808031173715,2.5180768590051987,0.35338345
468,163.0,161.2779347858031,1.7220652141969026,2.5072848867856075,0.48120302
469,162.0,161.28415037472357,0.7158496252764337,0.7602178233913464,0.5263158
470,163.0,161.29036596364404,1.7096340363559648,2.4857009423464245,0.39097744
471,161.0,161.2965815525645,-0.29658155256450414,-0.997641212222506,0.34586465
472,163.0,161.302797141485,1.6972028585149985,2.4641169979071926,0.2556391
473,163.0,161.30901273040547,1.6909872695945296,2.453325025687601,0.23308271
474,163.0,161.31522831932594,1.6847716806740607,2.4425330534680096,0.2781955
475,163.0,161.3214439082464,1.6785560917535918,2.431741081248418,0.2857143
476,163.0,161.32765949716688,1.6723405028331229,2.4209491090288267,0.2781955
477,163.0,161.33387508608735,1.666124913912654,2.410157136809235,0.2556391
478,163.0,161.34009067500781,1.659909324992185,2.3993651645896437,0.2556391
479,163.0,161.3463062639283,1.6536937360716877,2.3885731923700027,0.22556391
480,163.0,161.35252185284878,1.6474781471512188,2.3777812201504114,0.18796992
481,161.0,161.35873744176925,-0.35873744176925015,-1.105560934418519,0.18045112
482,163.0,161.36495303068972,1.635046969310281,2.3561972757112284,0.21052632
483,163.0,161.3711686196102,1.628831380389812,2.345405303491637,0.2932331
484,161.0,161.37738420853066,-0.3773842085306569,-1.1379368510772934,0.37593985
485,161.0,161.38359979745113,-0.3835997974511258,-1.1487288232968849,0.5413534
486,161.0,161.38981538637162,-0.38981538637162316,-1.1595207955165256,0.37593985
487,163.0,161.3960309752921,1.603969024707908,2.3022374146132223,0.30827066
488,163.0,161.40224656421256,1.597753435787439,2.2914454423936306,0.39849624
489,162.0,161.40846215313303,0.5915378468669701,0.5443783789993696,0.5263158
490,162.0,161.4146777420535,0.5853222579465012,0.5335864067797782,0.518797
491,161.0,161.42089333097397,-0.42089333097396775,-1.213480656614483,0.5037594
492,161.0,161.42710891989444,-0.42710891989443667,-1.2242726288340742,0.36090225
493,163.0,161.43332450881493,1.566675491185066,2.237485581295624,0.2932331
494,161.0,161.4395400977354,-0.4395400977354029,-1.2458565732733065,0.21052632
495,161.0,161.44575568665587,-0.44575568665587184,-1.256648545492898,0.20300752
496,162.0,161.45197127557634,0.5480287244236592,0.4688345734621802,0.21804512
497,161.0,161.4581868644968,-0.4581868644968097,-1.2782324899320807,0.21052632
498,163.0,161.46440245341728,1.5355975465827214,2.1835257201976668,0.21052632
499,163.0,161.47061804233775,1.5293819576622525,2.1727337479780755,0.21804512
500,162.0,161.47683363125824,0.5231663687417552,0.42566668458376516,0.2556391
501,162.0,161.4830492201787,0.5169507798212862,0.4148747123641737,0.2556391
502,161.0,161.48926480909918,-0.4892648090991827,-1.3321923510300875,0.22556391
503,161.0,161.49548039801965,-0.4954803980196516,-1.3429843232496788,0.19548872
504,161.0,161.50169598694012,-0.5016959869401205,-1.3537762954692703,0.16541353
505,163.0,161.5079115758606,1.4920884241394106,2.1079819146604777,0.14285715
506,163.0,161.5141271647811,1.4858728352189132,2.0971899424408367,0.18045112
507,163.0,161.52034275370156,1.4796572462984443,2.0863979702212454,0.24060151
508,161.0,161.52655834262202,-0.5265583426220246,-1.3969441843476853,0.2781955
509,161.0,161.5327739315425,-0.5327739315424935,-1.4077361565672768,0.2932331
510,161.0,161.53898952046296,-0.5389895204629624,-1.418528128786868,0.2781955
511,161.0,161.54520510938343,-0.5452051093834314,-1.4293201010064596,0.37593985
512,161.0,161.5514206983039,-0.5514206983039003,-1.4401120732260508,0.46616542
513,161.0,161.5576362872244,-0.5576362872243976,-1.4509040454456918,0.5864662
514,161.0,161.56385187614487,-0.5638518761448665,-1.4616960176652831,0.5263158
515,162.0,161.57006746506534,0.42993253493466455,0.26378710128979493,0.39849624
516,162.0,161.5762830539858,0.42371694601419563,0.2529951290702035,0.42857143
517,163.0,161.58249864290627,1.4175013570937267,1.9784782480252818,0.43609023
518,163.0,161.58871423182674,1.4112857681732578,1.9676862758056903,0.42857143
519,163.0,161.5949298207472,1.4050701792527889,1.9568943035860988,0.44360903
520,163.0,161.6011454096677,1.3988545903322915,1.946102331366458,0.48872182
521,163.0,161.60736099858818,1.3926390014118226,1.9353103591468666,0.5338346
522,163.0,161.61357658750865,1.3864234124913537,1.9245183869272753,0.5112782
523,162.0,161.61979217642912,0.3802078235708848,0.1774513235330141,0.44360903
524,162.0,161.62600776534958,0.37399223465041587,0.1666593513134227,0.37593985
525,161.0,161.63222335427005,-0.632223354270053,-1.5804077120808384,0.35338345
526,161.0,161.63843894319052,-0.638438943190522,-1.59119968430043,0.38345864
527,161.0,161.64465453211102,-0.6446545321110193,-1.6019916565200705,0.44360903
528,162.0,161.6508701210315,0.3491298789685118,0.12349146243500758,0.518797
529,163.0,161.65708570995196,1.3429142900480429,1.8489745813900855,0.65413535
530,163.0,161.66330129887243,1.336698701127574,1.8381826091704943,0.7518797
531,163.0,161.6695168877929,1.330483112207105,1.8273906369509028,0.7368421
532,163.0,161.67573247671336,1.324267523286636,1.8165986647313115,0.5488722
533,163.0,161.68194806563383,1.3180519343661672,1.80580669251172,0.42857143
534,162.0,161.68816365455433,0.31183634544566985,0.05873962911740961,0.48872182
535,163.0,161.6943792434748,1.305620756525201,1.7842227480724877,0.6766917
536,163.0,161.70059483239527,1.299405167604732,1.7734307758528962,0.63909775
537,163.0,161.70681042131574,1.293189578684263,1.762638803633305,0.5413534
538,162.0,161.7130260102362,0.2869739897637942,0.01557174023904387,0.45864663
539,162.0,161.71924159915667,0.28075840084332526,0.0047797680194524355,0.39849624
540,161.0,161.72545718807717,-0.7254571880771721,-1.7422872953748578,0.32330826
541,161.0,161.73167277699764,-0.731672776997641,-1.7530792675944493,0.32330826
542,161.0,161.7378883659181,-0.7378883659181099,-1.7638712398140408,0.36842105
543,161.0,161.74410395483858,-0.7441039548385788,-1.774663212033632,0.6165413
544,161.0,161.75031954375905,-0.7503195437590477,-1.7854551842532236,0.39849624
545,161.0,161.75653513267952,-0.7565351326795167,-1.796247156472815,0.30827066
546,162.0,161.76275072159999,0.23724927840001442,-0.07076403751773697,0.2781955
547,162.0,161.76896631052048,0.23103368947951708,-0.08155600973737774,0.40601504
548,163.0,161.77518189944095,1.2248181005590482,1.6439271092177006,0.34586465
549,162.0,161.78139748836142,0.21860251163857924,-0.10313995417656062,0.30827066
550,162.0,161.7876130772819,0.21238692271811033,-0.11393192639615204,0.33082706
551,162.0,161.79382866620236,0.2061713337976414,-0.1247238986157435,0.33834586
552,162.0,161.80004425512283,0.1999557448771725,-0.13551587083533492,0.33834586
553,162.0,161.8062598440433,0.19374015595670357,-0.14630784305492636,0.34586465
554,163.0,161.8124754329638,1.1875245670362062,1.5791752759001023,0.35338345
555,162.0,161.81869102188426,0.18130897811573732,-0.1678917874941586,0.46616542
556,162.0,161.82490661080473,0.1750933891952684,-0.17868375971375003,0.42105263
557,162.0,161.8311221997252,0.16887780027479948,-0.18947573193334144,0.36090225
558,162.0,161.83733778864567,0.16266221135433057,-0.20026770415293288,0.37593985
559,162.0,161.84355337756614,0.15644662243386165,-0.21105967637252432,0.36090225
560,163.0,161.8497689664866,1.1502310335133927,1.5144234425825538,0.36842105
561,163.0,161.8559845554071,1.1440154445928954,1.503631470362913,0.33082706
562,162.0,161.86220014432757,0.13779985567242647,-0.24343559303134796,0.33082706
563,162.0,161.86841573324804,0.13158426675195756,-0.2542275652509394,0.30075186
564,162.0,161.8746313221685,0.12536867783148864,-0.26501953747053086,0.2781955
565,163.0,161.88084691108898,1.1191530889110197,1.4604635814845472,0.2706767
566,161.0,161.88706250000945,-0.8870625000094492,-2.022878573084383,0.33834586
567,161.0,161.89327808892995,-0.8932780889299465,-2.033670545304024,0.5413534
568,161.0,161.89949367785042,-0.8994936778504155,-2.0444625175236153,0.5263158
569,161.0,161.90570926677088,-0.9057092667708844,-2.055254489743207,0.45864663
570,161.0,161.91192485569135,-0.9119248556913533,-2.0660464619627983,0.47368422
571,162.0,161.91814044461182,0.0818595553881778,-0.34056334300772023,0.5488722
572,162.0,161.9243560335323,0.07564396646770888,-0.35135531522731167,0.5864662
573,163.0,161.93057162245276,1.06942837754724,1.3741278037277664,0.5864662
574,163.0,161.93678721137326,1.0632127886267426,1.3633358315081259,0.556391
575,163.0,161.94300280029373,1.0569971997062737,1.3525438592885344,0.5263158
576,162.0,161.9492183892142,0.05078161078580479,-0.3945232041057268,0.5112782
577,162.0,161.95543397813466,0.04456602186533587,-0.40531517632531816,0.556391
578,163.0,161.96164956705513,1.038350432944867,1.32016794262976,0.39849624
579,163.0,161.9678651559756,1.032134844024398,1.3093759704101684,0.39097744
580,163.0,161.97408074489607,1.0259192551039291,1.2985839981905771,0.46616542
581,163.0,161.98029633381657,1.0197036661834318,1.2877920259709361,0.5112782
582,163.0,161.98651192273704,1.0134880772629629,1.2770000537513448,0.42105263
583,163.0,161.9927275116575,1.007272488342494,1.2662080815317533,0.2706767
584,162.0,161.99894310057797,0.001056899422025026,-0.4808589818625076,0.30075186
585,162.0,162.00515868949844,-0.005158689498443891,-0.4916509540820991,0.33082706
586,162.0,162.0113742784189,-0.011374278418912809,-0.5024429263016905,0.33834586
587,162.0,162.01758986733938,-0.017589867339381726,-0.5132348985212819,0.32330826
588,162.0,162.02380545625988,-0.023805456259879065,-0.5240268707409227,0.30075186
589,161.0,162.03002104518035,-1.030021045180348,-2.271093934135184,0.33834586
590,162.0,162.03623663410082,-0.0362366341008169,-0.5456108151801056,0.39097744
591,162.0,162.0424522230213,-0.04245222302128582,-0.5564027873996971,0.47368422
